ingredient,category,cid,smiles,iupac_name,formula,MW,XLogP_pubchem,TPSA_pubchem,HBD_pubchem,HBA_pubchem,RotB_pubchem,HeavyAtoms_pubchem,MW_rdkit,LogP_rdkit,TPSA_rdkit,HBD_rdkit,HBA_rdkit,RotB_rdkit,NumRings,NumAromaticRings,FractionCSP3,MolarRefractivity,NumHeteroatoms,logKp_PottsGuy_baseline,large_molecule_flag,highly_polar_flag,canon_smiles,in_MW_domain,in_LogP_domain
Niacinamide,whitening,936,C1=CC(=CN=C1)C(=O)N,pyridine-3-carboxamide,C6H6N2O,122.12,-0.4,56.0,1,2,1,9,122.12699999999998,0.1805,55.98,1,2,1,1,1,0.0,32.7549,3,-3.3168197,False,False,NC(=O)c1cccnc1,True,True
Arbutin,whitening,440936,C1=CC(=CC=C1O)O[C@H]2[C@@H]([C@H]([C@@H]([C@H](O2)CO)O)O)O,"(2R,3S,4S,5R,6S)-2-(hydroxymethyl)-6-(4-hydroxyphenoxy)oxane-3,4,5-triol",C12H16O7,272.25,-0.7,120.0,5,7,3,19,272.253,-1.4291000000000005,119.61,5,7,3,2,1,0.5,62.50200000000004,7,-5.3754043000000005,False,False,OC[C@H]1O[C@@H](Oc2ccc(O)cc2)[C@H](O)[C@@H](O)[C@@H]1O,True,True
Alpha-Arbutin,whitening,158637,C1=CC(=CC=C1O)O[C@@H]2[C@@H]([C@H]([C@@H]([C@H](O2)CO)O)O)O,"(2R,3S,4S,5R,6R)-2-(hydroxymethyl)-6-(4-hydroxyphenoxy)oxane-3,4,5-triol",C12H16O7,272.25,-0.7,120.0,5,7,3,19,272.253,-1.4291000000000005,119.61,5,7,3,2,1,0.5,62.50200000000004,7,-5.3754043000000005,False,False,OC[C@H]1O[C@H](Oc2ccc(O)cc2)[C@H](O)[C@@H](O)[C@@H]1O,True,True
Tranexamic acid,whitening,5526,C1CC(CCC1CN)C(=O)O,4-(aminomethyl)cyclohexane-1-carboxylic acid,C8H15NO2,157.21,-2.0,63.3,2,3,2,11,157.21300000000002,0.8361000000000001,63.32000000000001,2,2,2,1,0,0.875,42.1382,3,-3.0653683000000003,False,False,NCC1CCC(C(=O)O)CC1,True,True
Kojic acid,whitening,3840,C1=C(OC=C(C1=O)O)CO,5-hydroxy-2-(hydroxymethyl)pyran-4-one,C6H6O4,142.11,-0.9,66.8,2,4,1,10,142.11,-0.1623,70.67,2,4,1,1,1,0.1666666666666666,32.56559999999999,4,-3.682104,False,False,O=c1cc(CO)occ1O,True,True
Ellagic acid,whitening,5281855,C1=C2C3=C(C(=C1O)O)OC(=O)C4=CC(=C(C(=C43)OC2=O)O)O,"6,7,13,14-tetrahydroxy-2,9-dioxatetracyclo[6.6.2.04,16.011,15]hexadeca-1(15),4,6,8(16),11,13-hexaene-3,10-dione",C14H6O8,302.19,1.1,134.0,4,8,0,22,302.19399999999996,1.3128,141.34,4,8,0,4,4,0.0,73.87719999999999,8,-3.6112954,False,True,O=c1oc2c(O)c(O)cc3c(=O)oc4c(O)c(O)cc1c4c23,True,True
Glutathione,whitening,124886,C(CC(=O)N[C@@H](CS)C(=O)NCC(=O)O)[C@@H](C(=O)O)N,(2S)-2-amino-5-[[(2R)-1-(carboxymethylamino)-1-oxo-3-sulfanylpropan-2-yl]amino]-5-oxopentanoic acid,C10H17N3O6S,307.33,-4.5,160.0,6,8,9,20,307.32800000000003,-2.2060999999999984,158.82000000000002,6,6,9,0,0,0.6,71.27440000000003,10,-6.1410317999999995,False,True,N[C@@H](CCC(=O)N[C@@H](CS)C(=O)NCC(=O)O)C(=O)O,True,True
Resveratrol,whitening_antioxidant,445154,C1=CC(=CC=C1/C=C/C2=CC(=CC(=C2)O)O)O,"5-[(E)-2-(4-hydroxyphenyl)ethenyl]benzene-1,3-diol",C14H12O3,228.24,3.1,60.7,3,3,2,17,228.247,2.973800000000002,60.69,3,3,2,2,2,0.0,66.80640000000001,3,-1.980908699999999,False,False,Oc1ccc(/C=C/c2cc(O)cc(O)c2)cc1,True,True
Retinol,anti_aging_retinoid,445354,CC1=C(C(CCC1)(C)C)/C=C/C(=C/C=C/C(=C/CO)/C)/C,"(2E,4E,6E,8E)-3,7-dimethyl-9-(2,6,6-trimethylcyclohexen-1-yl)nona-2,4,6,8-tetraen-1-ol",C20H30O,286.5,5.7,20.2,1,1,5,21,286.45900000000006,5.510300000000006,20.23,1,1,5,1,0,0.5,93.21180000000004,1,-0.5350868999999965,False,False,CC1=C(/C=C/C(C)=C/C=C/C(C)=C/CO)C(C)(C)CCC1,True,True
Retinaldehyde,anti_aging_retinoid,638015,CC1=C(C(CCC1)(C)C)/C=C/C(=C/C=C/C(=C/C=O)/C)/C,"(2E,4E,6E,8E)-3,7-dimethyl-9-(2,6,6-trimethylcyclohexen-1-yl)nona-2,4,6,8-tetraenal",C20H28O,284.4,6.2,17.1,0,1,5,21,284.44300000000004,5.716900000000005,17.07,0,1,5,1,0,0.45,92.19000000000004,1,-0.3761032999999969,False,False,CC1=C(/C=C/C(C)=C/C=C/C(C)=C/C=O)C(C)(C)CCC1,True,True
Retinyl palmitate,anti_aging_retinoid,5280531,CCCCCCCCCCCCCCCC(=O)OC/C=C(\C)/C=C/C=C(\C)/C=C/C1=C(CCCC1(C)C)C,"[(2E,4E,6E,8E)-3,7-dimethyl-9-(2,6,6-trimethylcyclohexen-1-yl)nona-2,4,6,8-tetraenyl] hexadecanoate",C36H60O2,524.9,13.6,26.3,0,2,21,38,524.8740000000004,11.542499999999986,26.3,0,2,20,1,0,0.6944444444444444,167.39699999999962,2,2.2934435999999874,True,False,CCCCCCCCCCCCCCCC(=O)OC/C=C(C)/C=C/C=C(C)/C=C/C1=C(C)CCCC1(C)C,True,False
Adapalene,anti_aging_retinoid,60164,COC1=C(C=C(C=C1)C2=CC3=C(C=C2)C=C(C=C3)C(=O)O)C45CC6CC(C4)CC(C6)C5,6-[3-(1-adamantyl)-4-methoxyphenyl]naphthalene-2-carboxylic acid,C28H28O3,412.5,7.7,46.5,1,3,4,31,412.5290000000003,6.681400000000005,46.53,1,2,4,7,3,0.3928571428571428,122.74530000000009,3,-0.472632899999998,False,False,COc1ccc(-c2ccc3cc(C(=O)O)ccc3c2)cc1C12CC3CC(CC(C3)C1)C2,True,True
Bakuchiol,anti_aging_retinoid,5468522,CC(=CCC[C@@](C)(C=C)/C=C/C1=CC=C(C=C1)O)C,"4-[(1E,3S)-3-ethenyl-3,7-dimethylocta-1,6-dienyl]phenol",C18H24O,256.4,6.1,20.2,1,1,6,19,256.389,5.344100000000005,20.23,1,1,6,1,1,0.3333333333333333,84.10980000000005,1,-0.4696618999999968,False,False,C=C[C@@](C)(/C=C/c1ccc(O)cc1)CCC=C(C)C,True,True
Ascorbic acid,antioxidant_vitc,54670067,C([C@@H]([C@@H]1C(=C(C(=O)O1)O)O)O)O,"(2R)-2-[(1S)-1,2-dihydroxyethyl]-3,4-dihydroxy-2H-furan-5-one",C6H8O6,176.12,-1.6,107.0,4,6,2,12,176.124,-1.4073999999999995,107.22,4,6,2,1,0,0.5,35.25619999999999,6,-4.7736104,False,False,O=C1O[C@H]([C@@H](O)CO)C(O)=C1O,True,True
Ascorbyl palmitate,antioxidant_vitc,54680660,CCCCCCCCCCCCCCCC(=O)OC[C@@H]([C@@H]1C(=C(C(=O)O1)O)O)O,"[(2S)-2-[(2R)-3,4-dihydroxy-5-oxo-2H-furan-2-yl]-2-hydroxyethyl] hexadecanoate",C22H38O7,414.5,6.3,113.0,3,7,18,29,414.5390000000001,4.624800000000003,113.29000000000002,3,7,17,1,0,0.8181818181818182,109.4414000000001,7,-1.9450798999999992,False,False,CCCCCCCCCCCCCCCC(=O)OC[C@H](O)[C@H]1OC(=O)C(O)=C1O,True,True
Magnesium ascorbyl phosphate,antioxidant_vitc,71587428,C([C@@H]([C@@H]1C(=C(C(=O)O1)OP(=O)([O-])[O-])[O-])O)O.C([C@@H]([C@@H]1C(=C(C(=O)O1)OP(=O)([O-])[O-])[O-])O)O.[Mg+2].[Mg+2].[Mg+2],"trimagnesium bis([(2R)-2-[(1S)-1,2-dihydroxyethyl]-3-oxido-5-oxo-2H-furan-4-yl] phosphate)",C12H12Mg3O18P2,579.08,,324.0,4,18,6,35,579.0730000000001,-9.778000000000006,324.47999999999996,4,18,8,2,0,0.5,94.64220000000002,23,-13.174725300000004,True,True,O=C1O[C@H]([C@@H](O)CO)C([O-])=C1OP(=O)([O-])[O-].O=C1O[C@H]([C@@H](O)CO)C([O-])=C1OP(=O)([O-])[O-].[Mg+2].[Mg+2].[Mg+2],True,False
Sodium ascorbyl phosphate,antioxidant_vitc,10990876,C([C@@H]([C@@H]1C(=C(C(=O)O1)OP(=O)([O-])[O-])[O-])O)O.[Na+].[Na+].[Na+],"trisodium;[(2R)-2-[(1S)-1,2-dihydroxyethyl]-3-oxido-5-oxo-2H-furan-4-yl] phosphate",C6H6Na3O9P,322.05,,162.0,2,9,3,19,322.049,-13.305800000000003,162.23999999999998,2,9,4,1,0,0.5,38.69010000000001,13,-14.111616900000003,False,True,O=C1O[C@H]([C@@H](O)CO)C([O-])=C1OP(=O)([O-])[O-].[Na+].[Na+].[Na+],True,False
3-O-Ethyl ascorbic acid,antioxidant_vitc,150736,CCOC1=C(C(=O)O[C@@H]1[C@H](CO)O)O,"(2R)-2-[(1S)-1,2-dihydroxyethyl]-3-ethoxy-4-hydroxy-2H-furan-5-one",C8H12O6,204.18,-1.5,96.2,3,6,4,14,204.178,-0.9288999999999998,96.22,3,6,4,1,0,0.625,44.25340000000001,6,-4.6050048,False,False,CCOC1=C(O)C(=O)O[C@@H]1[C@@H](O)CO,True,True
Ferulic acid,antioxidant,445858,COC1=C(C=CC(=C1)/C=C/C(=O)O)O,(E)-3-(4-hydroxy-3-methoxyphenyl)prop-2-enoic acid,C10H10O4,194.18,1.5,66.8,2,4,3,14,194.186,1.4986,66.76,2,3,3,1,1,0.1,51.328600000000016,4,-2.8205286000000003,False,False,COc1cc(/C=C/C(=O)O)ccc1O,True,True
Alpha-tocopherol,antioxidant,14985,CC1=C(C2=C(CC[C@@](O2)(C)CCC[C@H](C)CCC[C@H](C)CCCC(C)C)C(=C1O)C)C,"(2R)-2,5,7,8-tetramethyl-2-[(4R,8R)-4,8,12-trimethyltridecyl]-3,4-dihydrochromen-6-ol",C29H50O2,430.7,10.7,29.5,1,2,12,31,430.7170000000002,8.840260000000002,29.46,1,2,12,2,1,0.7931034482758621,134.3908,2,0.9492108999999996,False,False,Cc1c(C)c2c(c(C)c1O)CC[C@@](C)(CCC[C@H](C)CCC[C@H](C)CCCC(C)C)O2,True,False
Idebenone,antioxidant,3686,CC1=C(C(=O)C(=C(C1=O)OC)OC)CCCCCCCCCCO,"2-(10-hydroxydecyl)-5,6-dimethoxy-3-methylcyclohexa-2,5-diene-1,4-dione",C19H30O5,338.4,4.3,72.8,1,5,12,24,338.44400000000013,3.462300000000003,72.83000000000001,1,5,12,1,0,0.6842105263157895,92.39680000000006,5,-2.306275399999999,False,False,COC1=C(OC)C(=O)C(CCCCCCCCCCO)=C(C)C1=O,True,True
Coenzyme Q10,antioxidant,5281915,CC1=C(C(=O)C(=C(C1=O)OC)OC)C/C=C(\C)/CC/C=C(\C)/CC/C=C(\C)/CC/C=C(\C)/CC/C=C(\C)/CC/C=C(\C)/CC/C=C(\C)/CC/C=C(\C)/CC/C=C(\C)/CCC=C(C)C,"2-[(2E,6E,10E,14E,18E,22E,26E,30E,34E)-3,7,11,15,19,23,27,31,35,39-decamethyltetraconta-2,6,10,14,18,22,26,30,34,38-decaenyl]-5,6-dimethoxy-3-methylcyclohexa-2,5-diene-1,4-dione",C59H90O4,863.3,19.4,52.6,0,4,31,63,863.3649999999994,17.853899999999975,52.60000000000001,0,4,31,1,0,0.559322033898305,274.72499999999934,4,4.709742499999984,True,False,COC1=C(OC)C(=O)C(C/C=C(\C)CC/C=C(\C)CC/C=C(\C)CC/C=C(\C)CC/C=C(\C)CC/C=C(\C)CC/C=C(\C)CC/C=C(\C)CC/C=C(\C)CCC=C(C)C)=C(C)C1=O,False,False
Glycerin,moisturizer,753,C(C(CO)O)O,"propane-1,2,3-triol",C3H8O3,92.09,-1.8,60.7,3,3,2,6,92.09399999999998,-1.6681,60.69,3,3,2,0,0,1.0,20.178400000000003,3,-4.4461244,False,False,OCC(O)CO,True,True
Panthenol,moisturizer,4678,CC(C)(CO)C(C(=O)NCCCO)O,"2,4-dihydroxy-N-(3-hydroxypropyl)-3,3-dimethylbutanamide",C9H19NO4,205.25,-0.9,89.8,4,4,6,14,205.25399999999996,-1.1355999999999995,89.79,4,4,6,0,0,0.8888888888888888,51.58610000000003,5,-4.7583253999999995,False,False,CC(C)(CO)C(O)C(=O)NCCCO,True,True
Urea,moisturizer,1176,C(=O)(N)N,urea,CH4N2O,60.056,-1.4,69.1,2,1,0,4,60.05599999999999,-0.9762,69.11,2,1,0,0,0,0.0,13.7708,3,-3.7594436,False,False,NC(N)=O,True,True
Betaine,moisturizer,247,C[N+](C)(C)CC(=O)[O-],2-(trimethylazaniumyl)acetate,C5H11NO2,117.15,0.5,40.1,0,2,1,8,117.14799999999998,-1.5574999999999983,40.129999999999995,0,2,2,0,0,0.8,27.906399999999987,3,-4.520427799999998,False,False,C[N+](C)(C)CC(=O)[O-],True,True
Trehalose,moisturizer,7427,C([C@@H]1[C@H]([C@@H]([C@H]([C@H](O1)O[C@@H]2[C@@H]([C@H]([C@@H]([C@H](O2)CO)O)O)O)O)O)O)O,"(2R,3S,4S,5R,6R)-2-(hydroxymethyl)-6-[(2R,3R,4S,5S,6R)-3,4,5-trihydroxy-6-(hydroxymethyl)oxan-2-yl]oxyoxane-3,4,5-triol",C12H22O11,342.3,-4.2,190.0,8,11,4,23,342.297,-5.3971999999999944,189.52999999999997,8,11,4,2,0,1.0,68.61940000000003,11,-8.620023699999997,False,True,OC[C@H]1O[C@H](O[C@H]2O[C@H](CO)[C@@H](O)[C@H](O)[C@H]2O)[C@H](O)[C@@H](O)[C@@H]1O,True,True
Sorbitol,moisturizer,5780,C([C@H]([C@H]([C@@H]([C@H](CO)O)O)O)O)O,"(2R,3R,4R,5S)-hexane-1,2,3,4,5,6-hexol",C6H14O6,182.17,-3.1,121.0,6,6,5,12,182.172,-3.585399999999998,121.38,6,6,5,0,0,1.0,38.19879999999999,6,-6.356883199999999,False,False,OC[C@@H](O)[C@@H](O)[C@H](O)[C@@H](O)CO,True,True
Propylene glycol,moisturizer_vehicle,1030,CC(CO)O,"propane-1,2-diol",C3H8O2,76.09,-0.9,40.5,2,2,1,5,76.095,-0.6405,40.46,2,2,1,0,0,1.0,18.766600000000004,2,-3.6189345,False,False,CC(O)CO,True,True
"1,2-Hexanediol",moisturizer_vehicle,94335,CCCCC(CO)O,"hexane-1,2-diol",C6H14O2,118.17,0.7,40.5,2,2,4,8,118.17599999999996,0.5297999999999998,40.46,2,2,4,0,0,1.0,32.61759999999998,2,-3.0447156000000004,False,False,CCCCC(O)CO,True,True
Ceramide NP,barrier_lipid,57378373,CCCCCCCCCCCCCC[C@H]([C@H]([C@H](CO)NC(=O)CCCCCCC/C=C\CCCCCCCC)O)O,"(Z)-N-[(2S,3S,4R)-1,3,4-trihydroxyoctadecan-2-yl]octadec-9-enamide",C36H71NO4,582.0,12.4,89.8,4,4,32,41,581.9670000000004,9.314,89.79,4,4,32,0,0,0.9166666666666666,176.17709999999963,5,0.362941299999997,True,False,CCCCCCCC/C=C\CCCCCCCC(=O)N[C@@H](CO)[C@H](O)[C@H](O)CCCCCCCCCCCCCC,True,False
Squalane,barrier_lipid,8089,CC(C)CCCC(C)CCCC(C)CCCCC(C)CCCC(C)CCCC(C)C,"2,6,10,15,19,23-hexamethyltetracosane",C30H62,422.8,14.7,0.0,0,0,21,30,422.8260000000003,11.08439999999999,0.0,0,0,21,0,0,1.0,140.20399999999998,0,2.59068539999999,False,False,CC(C)CCCC(C)CCCC(C)CCCCC(C)CCCC(C)CCCC(C)C,True,False
Cholesterol,barrier_lipid,5997,C[C@H](CCCC(C)C)[C@H]1CC[C@@H]2[C@@]1(CC[C@H]3[C@H]2CC=C4[C@@]3(CC[C@@H](C4)O)C)C,"(3S,8S,9S,10R,13R,14S,17R)-10,13-dimethyl-17-[(2R)-6-methylheptan-2-yl]-2,3,4,7,8,9,11,12,14,15,16,17-dodecahydro-1H-cyclopenta[a]phenanthren-3-ol",C27H46O,386.7,8.7,20.2,1,1,5,28,386.66400000000016,7.38870000000001,20.23,1,1,5,4,0,0.925925925925926,119.0528000000001,1,0.1873266000000057,False,False,CC(C)CCC[C@@H](C)[C@H]1CC[C@H]2[C@@H]3CC=C4C[C@@H](O)CC[C@]4(C)[C@H]3CC[C@]12C,True,False
Linoleic acid,barrier_lipid,5280450,CCCCC/C=C\C/C=C\CCCCCCCC(=O)O,"(9Z,12Z)-octadeca-9,12-dienoic acid",C18H32O2,280.4,6.8,37.3,1,2,14,20,280.4519999999999,5.884500000000005,37.3,1,1,14,0,0,0.7222222222222222,86.99380000000006,2,-0.2327621999999958,False,False,CCCCC/C=C\C/C=C\CCCCCCCC(=O)O,True,True
Allantoin,soothing,204,C1(C(=O)NC(=O)N1)NC(=O)N,"(2,5-dioxoimidazolidin-4-yl)urea",C4H6N4O3,158.12,-2.2,113.0,4,3,1,11,158.117,-2.1798,113.32,4,3,1,1,0,0.25,33.1815,7,-5.212171700000001,False,False,NC(=O)NC1NC(=O)NC1=O,True,True
Bisabolol,soothing,1549992,CC1=CC[C@@H](CC1)[C@@](C)(CCC=C(C)C)O,(2R)-6-methyl-2-[(1R)-4-methylcyclohex-3-en-1-yl]hept-5-en-2-ol,C15H26O,222.37,3.8,20.2,1,1,4,16,222.372,4.230200000000004,20.23,1,1,4,1,0,0.7333333333333333,70.38680000000004,1,-1.0530271999999974,False,False,CC(C)=CCC[C@@](C)(O)[C@H]1CC=C(C)CC1,True,True
Madecassoside,soothing,24825675,C[C@@H]1CC[C@@]2(CC[C@@]3(C(=CC[C@H]4[C@]3(C[C@H]([C@@H]5[C@@]4(C[C@H]([C@@H]([C@@]5(C)CO)O)O)C)O)C)[C@@H]2[C@H]1C)C)C(=O)O[C@H]6[C@@H]([C@H]([C@@H]([C@H](O6)CO[C@H]7[C@@H]([C@H]([C@@H]([C@H](O7)CO)O[C@H]8[C@@H]([C@@H]([C@H]([C@@H](O8)C)O)O)O)O)O)O)O)O,"[(2S,3R,4S,5S,6R)-6-[[(2R,3R,4R,5S,6R)-3,4-dihydroxy-6-(hydroxymethyl)-5-[(2S,3R,4R,5R,6S)-3,4,5-trihydroxy-6-methyloxan-2-yl]oxyoxan-2-yl]oxymethyl]-3,4,5-trihydroxyoxan-2-yl] (1S,2R,4aS,6aR,6aS,6bR,8R,8aR,9R,10R,11R,12aR,14bS)-8,10,11-trihydroxy-9-(hydroxymethyl)-1,2,6a,6b,9,12a-hexamethyl-2,3,4,5,6,6a,7,8,8a,10,11,12,13,14b-tetradecahydro-1H-picene-4a-carboxylate",C48H78O20,975.1,-1.2,335.0,13,20,10,68,975.1320000000007,-2.0619999999999896,335.44,13,20,9,8,0,0.9375,232.8813999999993,20,-10.112325199999995,True,True,C[C@H]1[C@H](C)CC[C@]2(C(=O)O[C@@H]3O[C@H](CO[C@@H]4O[C@H](CO)[C@@H](O[C@@H]5O[C@@H](C)[C@H](O)[C@@H](O)[C@H]5O)[C@H](O)[C@H]4O)[C@@H](O)[C@H](O)[C@H]3O)CC[C@]3(C)C(=CC[C@@H]4[C@@]5(C)C[C@@H](O)[C@H](O)[C@@](C)(CO)[C@@H]5[C@H](O)C[C@]43C)[C@H]12,False,True
Azelaic acid,acne_antiinflammatory,2266,C(CCCC(=O)O)CCCC(=O)O,nonanedioic acid,C9H16O4,188.22,1.6,74.6,2,4,8,13,188.22299999999996,1.8863,74.6,2,2,8,0,0,0.7777777777777778,47.59060000000002,4,-2.5088873,False,False,O=C(O)CCCCCCCC(=O)O,True,True
Salicylic acid,exfoliant,338,C1=CC=C(C(=C1)C(=O)O)O,2-hydroxybenzoic acid,C7H6O3,138.12,2.3,57.5,2,3,1,10,138.122,1.0903999999999998,57.53,2,2,1,1,1,0.0,35.06609999999999,3,-2.7683602,False,False,O=C(O)c1ccccc1O,True,True
Glycolic acid,exfoliant,757,C(C(=O)O)O,2-hydroxyacetic acid,C2H4O3,76.05,-1.1,57.5,2,3,1,5,76.051,-0.9367,57.53,2,2,1,0,0,0.5,14.7216,3,-3.8289681,False,False,O=C(O)CO,True,True
Lactic acid,exfoliant,612,CC(C(=O)O)O,2-hydroxypropanoic acid,C3H6O3,90.08,-0.7,57.5,2,3,1,6,90.078,-0.5482,57.53,2,2,1,0,0,0.6666666666666666,19.3166,3,-3.6386978,False,False,CC(O)C(=O)O,True,True
Mandelic acid,exfoliant,1292,C1=CC=C(C=C1)C(C(=O)O)O,2-hydroxy-2-phenylacetic acid,C8H8O3,152.15,0.6,57.5,2,3,2,11,152.14899999999997,0.8046,57.53,2,2,2,1,1,0.125,39.03760000000001,3,-3.0568429,False,False,O=C(O)C(O)c1ccccc1,True,True
Menthol,penetration_enhancer,1254,CC1CCC(C(C1)O)C(C)C,5-methyl-2-propan-2-ylcyclohexan-1-ol,C10H20O,156.26,3.0,20.2,1,1,1,11,156.26899999999998,2.4395000000000007,20.23,1,1,1,1,0,1.0,47.34980000000002,1,-1.9211959,False,False,CC1CCC(C(C)C)C(O)C1,True,True
Oleic acid,penetration_enhancer,445639,CCCCCCCC/C=C\CCCCCCCC(=O)O,(Z)-octadec-9-enoic acid,C18H34O2,282.5,6.5,37.3,1,2,15,20,282.4679999999999,6.1085000000000065,37.3,1,1,15,0,0,0.8333333333333334,87.08780000000007,2,-0.0860197999999949,False,False,CCCCCCCC/C=C\CCCCCCCC(=O)O,True,True
Limonene,penetration_enhancer,22311,CC1=CCC(CC1)C(=C)C,1-methyl-4-prop-1-en-2-ylcyclohexene,C10H16,136.23,3.4,0.0,0,0,1,10,136.238,3.308900000000002,0.0,0,0,1,1,0,0.6,45.91200000000003,0,-1.181732799999999,False,False,C=C(C)C1CC=C(C)CC1,True,True
Ethanol,penetration_enhancer,702,CCO,ethanol,C2H6O,46.07,-0.1,20.2,1,1,0,3,46.069,-0.0014,20.23,1,1,0,0,0,1.0,12.759800000000002,1,-2.9820149,False,False,CCO,True,True
Propylene carbonate,penetration_enhancer,7924,CC1COC(=O)O1,"4-methyl-1,3-dioxolan-2-one",C4H6O3,102.09,-0.4,35.5,0,3,0,7,102.08899999999998,0.5417000000000001,35.53,0,3,0,1,0,0.75,21.89499999999999,3,-2.9381359,False,False,CC1COC(=O)O1,True,True
Asiaticoside,soothing,11954171,C[C@@H]1CC[C@@]2(CC[C@@]3(C(=CC[C@H]4[C@]3(CC[C@@H]5[C@@]4(C[C@H]([C@@H]([C@@]5(C)CO)O)O)C)C)[C@@H]2[C@H]1C)C)C(=O)O[C@H]6[C@@H]([C@H]([C@@H]([C@H](O6)CO[C@H]7[C@@H]([C@H]([C@@H]([C@H](O7)CO)O[C@H]8[C@@H]([C@@H]([C@H]([C@@H](O8)C)O)O)O)O)O)O)O)O,"[(2S,3R,4S,5S,6R)-6-[[(2R,3R,4R,5S,6R)-3,4-dihydroxy-6-(hydroxymethyl)-5-[(2S,3R,4R,5R,6S)-3,4,5-trihydroxy-6-methyloxan-2-yl]oxyoxan-2-yl]oxymethyl]-3,4,5-trihydroxyoxan-2-yl] (1S,2R,4aS,6aR,6aS,6bR,8aR,9R,10R,11R,12aR,14bS)-10,11-dihydroxy-9-(hydroxymethyl)-1,2,6a,6b,9,12a-hexamethyl-2,3,4,5,6,6a,7,8,8a,10,11,12,13,14b-tetradecahydro-1H-picene-4a-carboxylate",C48H78O19,959.1,0.1,315.0,12,19,10,67,959.1330000000008,-1.0327999999999922,315.21,12,19,9,8,0,0.9375,231.49159999999927,19,-9.2839993,True,True,C[C@H]1[C@H](C)CC[C@]2(C(=O)O[C@@H]3O[C@H](CO[C@@H]4O[C@H](CO)[C@@H](O[C@@H]5O[C@@H](C)[C@H](O)[C@@H](O)[C@H]5O)[C@H](O)[C@H]4O)[C@@H](O)[C@H](O)[C@H]3O)CC[C@]3(C)C(=CC[C@@H]4[C@@]5(C)C[C@@H](O)[C@H](O)[C@@](C)(CO)[C@@H]5CC[C@]43C)[C@H]12,False,True
