id,year,title,authors,journal,doi,pmid,citations,theme,method,source
88,2021,"Topical drug delivery: History, percutaneous absorption, and product development.",Michael S Roberts; Hanumanth S Cheruvu; Sean E Mangion; Azadeh Alinaghi; Heather A E Benson; Yousuf Mohammed; Amy Holmes; John van der Hoek,Advanced drug delivery reviews,10.1016/j.addr.2021.113929,34403750,196,skin_permeability_qsar,QSPR,pubmed
100,2018,Predicting drug permeability through skin using molecular dynamics simulation.,Magnus Lundborg; Christian L Wennberg; Ali Narangifard; Erik Lindahl; Lars Norlén,Journal of controlled release : official journal of the Controlled Release Society,10.1016/j.jconrel.2018.05.026,29864475,123,md_atomistic_skin,MD,pubmed
76,2017,The index of ideality of correlation: A criterion of predictability of QSAR models for skin permeability?,Alla P Toropova; Andrey A Toropov,The Science of the total environment,10.1016/j.scitotenv.2017.01.198,28196626,111,skin_permeability_qsar,QSAR,pubmed
105,2017,Quantitative structure-skin permeability relationships.,Ivanka Tsakovska; Ilza Pajeva; Merilin Al Sharif; Petko Alov; Elena Fioravanzo; Simona Kovarich; Andrew P Worth; Andrea-Nicole Richarz,Toxicology,10.1016/j.tox.2017.06.008,28645577,93,skin_permeability_qsar,review,pubmed
69,2022,Machine Learning-Enabled Prediction of 3D-Printed Microneedle Features.,Misagh Rezapour Sarabi; M Munzer Alseed; Ahmet Agah Karagoz; Savas Tasoglu,Biosensors,10.3390/bios12070491,35884294,76,microneedle_design_simulation,ML,pubmed
96,2018,Human skin barrier structure and function analyzed by cryo-EM and molecular dynamics simulation.,Magnus Lundborg; Ali Narangifard; Christian L Wennberg; Erik Lindahl; Bertil Daneholt; Lars Norlén,Journal of structural biology,10.1016/j.jsb.2018.04.005,29702212,74,md_atomistic_skin,MD,pubmed
14,2024,Machine learning in drug delivery,Adam J. Gormley,Journal of Controlled Release,10.1016/j.jconrel.2024.06.045,,73,formulation_optimization_ml,none,crossref
8,2015,Predicting chemically-induced skin reactions. Part II: QSAR models of skin permeability and the relationships between skin permeability and skin sensitization,Vinicius M. Alves; Eugene Muratov; Denis Fourches; Judy Strickland; Nicole Kleinstreuer; Carolina H. Andrade; Alexander Tropsha,Toxicology and Applied Pharmacology,10.1016/j.taap.2014.12.013,25560673,69,skin_permeability_qsar,QSAR,crossref
86,2019,Predicting Skin Permeability by Means of Computational Approaches: Reliability and Caveats in Pharmaceutical Studies.,Beatrice Pecoraro; Marco Tutone; Ewelina Hoffman; Victoria Hutter; Anna Maria Almerico; Matthew Traynor,Journal of chemical information and modeling,10.1021/acs.jcim.8b00934,30658035,63,skin_permeability_qsar,QSAR,pubmed
87,2022,"Artificial Intelligence-Assisted Bioinformatics, Microneedle, and Diabetic Wound Healing: A ""New Deal"" of an Old Drug.",Yanan Xue; Cheng Chen; Rong Tan; Jingyu Zhang; Qin Fang; Rui Jin; Xiangyu Mi; Danying Sun,ACS applied materials & interfaces,10.1021/acsami.2c08994,35913266,58,microneedle_ml_permeation,AI,pubmed
80,2015,In silico prediction of percutaneous absorption and disposition kinetics of chemicals.,Longjian Chen; Lujia Han; Ouarda Saib; Guoping Lian,Pharmaceutical research,10.1007/s11095-014-1575-0,25407547,51,md_atomistic_skin,FEM,pubmed
99,2023,Biphasic burst and sustained transdermal delivery in vivo using an AI-optimized 3D-printed MN patch.,Arvind Bagde; Satyanarayan Dev; Lalitha Madhavi K Sriram; Shawn D Spencer; Anilkumar Kalvala; Aakash Nathani; Oluwaseyi Salau; Keb Mosley-Kellum,International journal of pharmaceutics,10.1016/j.ijpharm.2023.122647,36754185,49,microneedle_ml_permeation,ANN,pubmed
27,2024,An update of skin permeability data based on a systematic review of recent research.,Lisa Chedik; Shamkhal Baybekov; Frédéric Cosnier; Gilles Marcou; Alexandre Varnek; Catherine Champmartin,Scientific data,10.1038/s41597-024-03026-4,38383523,46,skin_permeability_qsar,QSPR,pubmed
35,2021,Label-Free Quantification of Pharmacokinetics in Skin with Stimulated Raman Scattering Microscopy and Deep Learning.,Amin Feizpour; Troels Marstrand; Louise Bastholm; Stefan Eirefelt; Conor L Evans,The Journal of investigative dermatology,10.1016/j.jid.2020.06.027,32710899,43,skin_permeability_qsar,ANN,pubmed
50,2015,In Silico Predictions of Human Skin Permeability using Nonlinear Quantitative Structure-Property Relationship Models.,Hiromi Baba; Jun-ichi Takahara; Hiroshi Mamitsuka,Pharmaceutical research,10.1007/s11095-015-1629-y,25616540,43,skin_permeability_qsar,ensemble,pubmed
61,2021,CPE-DB: An Open Database of Chemical Penetration Enhancers.,Ekaterina P Vasyuchenko; Philipp S Orekhov; Grigoriy A Armeev; Marine E Bozdaganyan,Pharmaceutics,10.3390/pharmaceutics13010066,33430205,41,skin_permeability_qsar,none,pubmed
85,2025,AI-Driven Innovation in Skin Kinetics for Transdermal Drug Delivery: Overcoming Barriers and Enhancing Precision.,Nubul Albayati; Sesha Rajeswari Talluri; Nirali Dholaria; Bozena Michniak-Kohn,Pharmaceutics,10.3390/pharmaceutics17020188,40006555,41,microneedle_ml_permeation,ensemble,pubmed
32,2020,Models for skin and brain penetration of major components from essential oils used in aromatherapy for dementia patients.,Snezana Agatonovic-Kustrin; Chloe Ke Yi Chan; Vladimir Gegechkori; David W Morton,Journal of biomolecular structure & dynamics,10.1080/07391102.2019.1633408,31204906,39,skin_permeability_qsar,QSAR,pubmed
23,2024,Predictive modeling of skin permeability for molecules: Investigating FDA-approved drug permeability with various AI algorithms.,Rami M Abdallah; Hisham E Hasan; Ahmad Hammad,PLOS digital health,10.1371/journal.pdig.0000483,38568888,36,microneedle_ml_permeation,ensemble,pubmed
82,2016,In Silico Modelling of Transdermal and Systemic Kinetics of Topically Applied Solutes: Model Development and Initial Validation for Transdermal Nicotine.,Tao Chen; Guoping Lian; Panayiotis Kattou,Pharmaceutical research,10.1007/s11095-016-1900-x,26956458,36,md_atomistic_skin,FEM,pubmed
5,2023,Prediction of drug permeation through microneedled skin by machine learning,Yunong Yuan; Yiting Han; Chun Wei Yap; Jaspreet S. Kochhar; Hairui Li; Xiaoqiang Xiang; Lifeng Kang,Bioengineering &amp; Translational Medicine,10.1002/btm2.10512,38023708,35,microneedle_ml_permeation,XGBoost,crossref
110,2025,On-patient medical record and mRNA therapeutics using intradermal microneedles.,Jooli Han; Maria Kanelli; Yang Liu; John L Daristotle; Apurva Pardeshi; Timothy A Forster; Ari Karchin; Brandon Folk,Nature materials,10.1038/s41563-024-02115-4,39994390,33,microneedle_ml_permeation,ensemble,pubmed
45,2024,Optimizing Solid Microneedle Design: A Comprehensive ML-Augmented DOE Approach.,Ahmed Choukri Abdullah; Erfan Ahmadinejad; Savas Tasoglu,ACS measurement science au,10.1021/acsmeasuresciau.4c00021,39430965,32,microneedle_design_simulation,FEM,pubmed
70,2019,Prediction of the skin permeability of topical drugs using in silico and in vitro models.,Cristina Alonso; Víctor Carrer; Sonia Espinosa; Miriam Zanuy; Mònica Córdoba; Bernat Vidal; María Domínguez; Núria Godessart,European journal of pharmaceutical sciences : official journal of the European Federation for Pharmaceutical Sciences,10.1016/j.ejps.2019.05.023,31163216,31,skin_permeability_qsar,QSAR,pubmed
115,2020,Artificial neural network for modeling formulation and drug permeation of topical patches containing diclofenac sodium.,Sonia Lefnaoui; Samia Rebouh; Mounir Bouhedda; M Madiha Yahoum,Drug delivery and translational research,10.1007/s13346-019-00671-w,31485997,31,formulation_optimization_ml,ANN,pubmed
109,2024,Machine Learning Assists in the Design and Application of Microneedles.,Wenqing He; Suixiu Kong; Rumin Lin; Yuanting Xie; Shanshan Zheng; Ziyu Yin; Xin Huang; Lei Su,"Biomimetics (Basel, Switzerland)",10.3390/biomimetics9080469,39194448,30,microneedle_ml_permeation,review,pubmed
92,2015,Modeling and Prediction of Solvent Effect on Human Skin Permeability using Support Vector Regression and Random Forest.,Hiromi Baba; Jun-ichi Takahara; Fumiyoshi Yamashita; Mitsuru Hashida,Pharmaceutical research,10.1007/s11095-015-1720-4,26033768,27,skin_permeability_qsar,ensemble,pubmed
77,2025,Artificial intelligence-driven hydrogel microneedle patches integrating 5-fluorouracil inclusion complex-loaded flexible pegylated liposomes for enhanced non-melanoma skin cancer treatment.,Phuvamin Suriyaamporn; Chaiyakarn Pornpitchanarong; Thapakorn Charoenying; Koranat Dechsri; Tanasait Ngawhirunpat; Praneet Opanasopit; Boonnada Pamornpathomkul,International journal of pharmaceutics,10.1016/j.ijpharm.2024.125072,39675535,26,microneedle_ml_permeation,ANN,pubmed
108,2023,Machine Learning-Enabled Optimization of Interstitial Fluid Collection via a Sweeping Microneedle Design.,Ceren Tarar; Erdal Aydın; Ali K Yetisen; Savas Tasoglu,ACS omega,10.1021/acsomega.3c01744,37332784,26,microneedle_design_simulation,FEM,pubmed
4,2024,Development and comparison of machine learning models for in-vitro drug permeation prediction from microneedle patch,Anuj A. Biswas; Madhukiran R. Dhondale; Maan Singh; Ashish K. Agrawal; Prakash Muthudoss; Brahmeshwar Mishra; Dinesh Kumar,European Journal of Pharmaceutics and Biopharmaceutics,10.1016/j.ejpb.2024.114311,38710374,25,microneedle_ml_permeation,ensemble,crossref
90,2021,Efficient Prediction of In Vitro Piroxicam Release and Diffusion From Topical Films Based on Biopolymers Using Deep Learning Models and Generative Adversarial Networks.,Hentabli Salma; Yahoum Madiha Melha; Lefnaoui Sonia; Hentabli Hamza; Naomie Salim,Journal of pharmaceutical sciences,10.1016/j.xphs.2021.01.032,33548245,25,formulation_optimization_ml,GAN,pubmed
7,2022,In Silico Prediction of Skin Permeability Using a Two-QSAR Approach,Yu-Wen Wu; Giang Huong Ta; Yi-Chieh Lung; Ching-Feng Weng; Max K. Leong,Pharmaceutics,10.3390/pharmaceutics14050961,35631545,24,skin_permeability_qsar,QSAR,crossref
48,2023,Understanding Drug Skin Permeation Enhancers Using Molecular Dynamics Simulations.,Christian Wennberg; Magnus Lundborg; Erik Lindahl; Lars Norlén,Journal of chemical information and modeling,10.1021/acs.jcim.3c00625,37462219,23,md_atomistic_skin,MD,pubmed
55,2019,Percutaneous penetration of drugs applied in transdermal delivery systems: an in vivo based approach for evaluating computer generated penetration models.,Anne J Keurentjes; Howard I Maibach,Regulatory toxicology and pharmacology : RTP,10.1016/j.yrtph.2019.104428,31326435,23,skin_permeability_qsar,QSAR,pubmed
15,2024,The artificial intelligence and design of experiment assisted in the development of progesterone-loaded solid-lipid nanoparticles for transdermal drug delivery,Phuvamin Suriyaamporn; Boonnada Pamornpathomkul; Pawaris Wongprayoon; Theerasak Rojanarata; Tanasait Ngawhirunpat; Praneet Opanasopit,Pharmacia,10.3897/pharmacia.71.e123549,,22,formulation_optimization_ml,ANN,crossref
20,2015,Artificial neural network analysis for predicting human percutaneous absorption taking account of vehicle properties.,Tomomi Atobe; Masaaki Mori; Fumiyoshi Yamashita; Mitsuru Hashida; Hirokazu Kouzuki,The Journal of toxicological sciences,10.2131/jts.40.277,25786531,22,skin_permeability_qsar,ANN,pubmed
103,2020,Scalable in silico Simulation of Transdermal Drug Permeability: Application of BIOiSIM Platform.,Neha Maharao; Victor Antontsev; Hypatia Hou; Jason Walsh; Jyotika Varshney,"Drug design, development and therapy",10.2147/dddt.s253064,32606600,22,formulation_optimization_ml,ANN,pubmed
13,2025,Machine Learning-Driven Advancements in Liposomal Formulations for Targeted Drug Delivery: A Narrative Literature Review,Benyamin Hoseini; Mahmoud Reza Jaafari; Amin Golabpour; Zahra Rahmatinejad; Maryam Karimi; Saeid Eslami,Current Drug Delivery,10.2174/0115672018302321240620072039,,21,nanoparticle_dermal_ml,review,crossref
57,2025,Transdermal Drug Delivery Systems Powered by Artificial Intelligence.,Farzaneh Sabbagh; Anna Zakrzewska; Daniel Rybak; Julia Król; Asad Abdi; Paweł Nakielski; Filippo Pierini,Advanced healthcare materials,10.1002/adhm.202503030,41102882,21,formulation_optimization_ml,ML/ensemble,pubmed
25,2017,Molecular Dynamics as a tool for in silico screening of skin permeability.,Paolo Rocco; Francesco Cilurzo; Paola Minghetti; Giulio Vistoli; Alessandro Pedretti,European journal of pharmaceutical sciences : official journal of the European Federation for Pharmaceutical Sciences,10.1016/j.ejps.2017.06.020,28627472,20,md_atomistic_skin,MD,pubmed
66,2024,Model-Informed Drug Development: In Silico Assessment of Drug Bioperformance following Oral and Percutaneous Administration.,Jelena Djuris; Sandra Cvijic; Ljiljana Djekic,"Pharmaceuticals (Basel, Switzerland)",10.3390/ph17020177,38399392,20,skin_permeability_qsar,none,pubmed
40,2021,Correlation between the structure and skin permeability of compounds.,Ruolan Zeng; Jiyong Deng; Limin Dang; Xinliang Yu,Scientific reports,10.1038/s41598-021-89587-5,33980965,19,skin_permeability_qsar,SVM,pubmed
60,2017,Quantitative prediction of ionization effect on human skin permeability.,Hiromi Baba; Yusuke Ueno; Mitsuru Hashida; Fumiyoshi Yamashita,International journal of pharmaceutics,10.1016/j.ijpharm.2017.03.009,28279739,18,skin_permeability_qsar,SVR,pubmed
6,2023,Machine learning for skin permeability prediction: random forest and XG boost regression,Kevin Ita; Joyce Prinze,Journal of Drug Targeting,10.1080/1061186x.2023.2284096,37962433,17,skin_permeability_qsar,ensemble,crossref
106,2022,Skin permeability prediction with MD simulation sampling spatial and alchemical reaction coordinates.,Magnus Lundborg; Christian Wennberg; Jack Lidmar; Berk Hess; Erik Lindahl; Lars Norlén,Biophysical journal,10.1016/j.bpj.2022.09.009,36104960,17,md_atomistic_skin,MD,pubmed
56,2019,In silico prediction of dermal absorption of pesticides - an evaluation of selected models against results from in vitro testing.,D Eleftheriadou; S Luette; C Kneuer,SAR and QSAR in environmental research,10.1080/1062936x.2019.1644533,31535949,16,skin_permeability_qsar,QSAR,pubmed
42,2024,"Penetration pathways, influencing factors and predictive models for dermal absorption of exobiotic molecules: A critical review.",Qiaoying Chen; Shujun Yi; Liping Yang; Lingyan Zhu,The Science of the total environment,10.1016/j.scitotenv.2024.172390,38608904,15,skin_permeability_qsar,SVM,pubmed
9,2024,Artificial intelligence for skin permeability prediction: deep learning,Kevin Ita; Sahba Roshanaei,Journal of Drug Targeting,10.1080/1061186x.2024.2309574,38258521,13,skin_permeability_qsar,DNN,crossref
104,2018,"Determining the Effect of pH on the Partitioning of Neutral, Cationic and Anionic Chemicals to Artificial Sebum: New Physicochemical Insight and QSPR Model.",Senpei Yang; Lingyi Li; Tao Chen; Lujia Han; Guoping Lian,Pharmaceutical research,10.1007/s11095-018-2411-8,29761237,11,skin_permeability_qsar,QSAR,pubmed
28,2020,Organic compounds percutaneous penetration in vivo in man: Relationship to mathematical predictive model.,Anuk Burli; Rebecca M Law; Jocelyn Rodriguez; Howard I Maibach,Regulatory toxicology and pharmacology : RTP,10.1016/j.yrtph.2020.104614,32044383,10,skin_permeability_qsar,QSPR,pubmed
74,2018,Model fitting for small skin permeability data sets: hyperparameter optimisation in Gaussian Process Regression.,Parivash Ashrafi; Yi Sun; Neil Davey; Roderick G Adams; Simon C Wilkinson; Gary Patrick Moss,The Journal of pharmacy and pharmacology,10.1111/jphp.12863,29341138,10,skin_permeability_qsar,GPR,pubmed
78,2025,"Machine Learning-Driven Optimization of Therapeutic Substance Composition for High-Hardness, Fast-Dissolving Microneedles for Androgenetic Alopecia Treatment.",Peiyu Yan; Jing Sun; Yuehua Zhao; Wei Deng; Miaomiao Zhang; Yang Li; Xiangru Chen; Ming Hu,ACS nano,10.1021/acsnano.5c05505,40782084,10,microneedle_design_simulation,ensemble,pubmed
101,2025,Recent advances in cutaneous drug delivery by iontophoresis.,Idejan P Gross; Ana Luiza Lima; Livia L Sá-Barreto; Guilherme M Gelfuso; Marcilio Cunha-Filho,Expert opinion on drug delivery,10.1080/17425247.2025.2490267,40199721,10,iontophoresis_physical_enhancement,review,pubmed
111,2020,The influence of diffusion cell type and experimental temperature on machine learning models of skin permeability.,Parivash Ashrafi; Yi Sun; Neil Davey; Simon C Wilkinson; Gary P Moss,The Journal of pharmacy and pharmacology,10.1111/jphp.13203,31724749,9,skin_permeability_qsar,ensemble,pubmed
114,2015,The application of machine learning to the modelling of percutaneous absorption: an overview and guide.,P Ashrafi; G P Moss; S C Wilkinson; N Davey; Y Sun,SAR and QSAR in environmental research,10.1080/1062936x.2015.1018941,25783869,9,skin_permeability_qsar,ensemble,pubmed
29,2025,Predictive modeling approach using machine learning-integrated design of experiments in quality by design for optimizing resveratrol-loaded polymeric nanoparticle formulation.,Phuvamin Suriyaamporn; Teeratas Kansom; Boonnada Pamornpathomkul; Tanasait Ngawhirunpat; Praneet Opanasopit; Sarawut Ramjan,International journal of pharmaceutics,10.1016/j.ijpharm.2025.126080,40825415,8,formulation_optimization_ml,ensemble,pubmed
39,2021,In Silico Simulation of the Systemic Drug Exposure Following the Topical Application of Opioid Analgesics in Patients with Cutaneous Lesions.,Maksim Khotimchenko; Victor Antontsev; Kaushik Chakravarty; Hypatia Hou; Jyotika Varshney,Pharmaceutics,10.3390/pharmaceutics13020284,33669957,8,skin_permeability_qsar,ANN,pubmed
71,2021,A Predictive Self-Organizing Multicellular Computational Model of Infant Skin Permeability to Topically Applied Substances.,Georgios N Stamatas; Jalil Bensaci; Elea Greugny; Simarna Kaur; Hequn Wang; Maria Victoria Dizon; Michael J Cork; Adam J Friedman,The Journal of investigative dermatology,10.1016/j.jid.2021.02.012,33705796,8,md_atomistic_skin,computational,pubmed
94,2024,Computational Modelling of the Impact of Evaporation on In-Vitro Dermal Absorption.,Benjamin N Deacon; Samadhi Silva; Guoping Lian; Marina Evans; Tao Chen,Pharmaceutical research,10.1007/s11095-024-03779-y,39375242,8,skin_permeability_qsar,FEM,pubmed
22,2015,Quantification of vehicle mixture effects on in vitro transdermal chemical flux using a random process diffusion model.,Jason T Chittenden; Jim E Riviere,Journal of controlled release : official journal of the Controlled Release Society,10.1016/j.jconrel.2015.08.023,26282095,7,skin_permeability_qsar,QSPR,pubmed
72,2025,Exposure experiments and machine learning revealed that personal care products can significantly increase transdermal exposure of SVOCs from the environment.,Zihao Zhang; Yan Wang; Timothy F M Rodgers; Yubin Wu,Journal of hazardous materials,10.1016/j.jhazmat.2025.137271,39847938,7,skin_permeability_qsar,ML,pubmed
93,2024,Simulating the Skin Permeation Process of Ionizable Molecules.,Magnus Lundborg; Christian Wennberg; Erik Lindahl; Lars Norlén,Journal of chemical information and modeling,10.1021/acs.jcim.4c00722,38917349,7,md_atomistic_skin,MD,pubmed
95,2025,Discovery of Potential Tyrosinase Inhibitors via Machine Learning and Molecular Docking with Experimental Validation of Activity and Skin Permeation.,Wenqingqing Kang; Henry H Y Tong; Shu Li,ACS omega,10.1021/acsomega.5c04807,40918329,7,skin_permeability_qsar,ensemble,pubmed
24,2019,Exploring 3D-QSPR models of human skin permeability for a diverse dataset of chemical compounds.,Soheila Rezaei; Hassan Behnejad; Fereshteh Shiri; Jahan B Ghasemi,Journal of receptor and signal transduction research,10.1080/10799893.2019.1690512,31766932,5,skin_permeability_qsar,QSPR,pubmed
36,2025,First report on QSAR modelling for chemical penetration enhancement ratio (ER) of different FDA-approved drugs in Poloxamer 407: A next step towards better skin permeability of drugs.,Shama Parveen; Arijit Bhattacharya; Om Silakari; Bharti Sapra,International journal of pharmaceutics,10.1016/j.ijpharm.2024.125083,39694159,5,skin_permeability_qsar,QSAR,pubmed
38,2017,Carbon nanotube membranes to predict skin permeability of compounds.,Sibel Ilbasmis-Tamer; Fatmanur Tugcu-Demiroz; Ismail Tuncer Degim,Pharmaceutical development and technology,10.1080/10837450.2016.1221430,27491272,5,skin_permeability_qsar,none,pubmed
43,2025,Intelligent transdermal nanoparticles as synergizing advanced delivery systems for precision therapeutics.,Zhouying Guo; Yi'nan Zhang; Man Zhao; Wenyuan Zhang; Xiaofang Li; Fang Zhou; Haisheng Peng; Qun Wang,Materials today. Bio,10.1016/j.mtbio.2025.102220,40917520,5,nanoparticle_dermal_ml,ANN,pubmed
52,2025,Leveraging machine learning to predict drug permeation: impact of menthol and limonene as enhancers.,Manisha Yadav; Baddipadige Raju; Gera Narendra; Jasveer Kaur; Manoj Kumar; Om Silakari; Bharti Sapra,Molecular diversity,10.1007/s11030-024-11062-w,39680273,5,skin_permeability_qsar,ML/ensemble,pubmed
37,2026,Recent advances in graphene-based biosensors for point-of-care diagnostics.,K P Khadeeja Thanha; P Ayisha Sana; K Pramod,Biomaterials advances,10.1016/j.bioadv.2025.214541,41072172,4,nanoparticle_dermal_ml,review,pubmed
73,2024,Reduced estrogenic risks of a sunscreen additive: Theoretical design and evaluation of functionally improved salicylates.,Yuhan Cui; Wei He; Zhonghe Wang; Hao Yang; Maosheng Zheng; Yu Li,Journal of hazardous materials,10.1016/j.jhazmat.2024.135371,39084014,4,skin_permeability_qsar,QSAR,pubmed
83,2025,Progress and Prospects of Transdermal Treatment of Allergic Skin Diseases with Natural Drugs based on Nanotechnology.,Wenfei Lu; Jiansheng Cao; Ying Lv; Meng Li; Ye Tang; Yufei Feng,AAPS PharmSciTech,10.1208/s12249-025-03244-y,41199004,4,nanoparticle_dermal_ml,none,pubmed
89,2026,AI-Guided 4D Printing of Carnivorous Plants-Inspired Microneedles for Accelerated Wound Healing.,Hyun Lee; Moon-Jo Kim; DongEung Kim; Chan Ho Moon; Seojoon Bang; Hyeong Seok Kang; Ju Yeong Gwon; Jong Hwa Seo,"Advanced materials (Deerfield Beach, Fla.)",10.1002/adma.202523665,41910374,4,microneedle_design_simulation,ML,pubmed
97,2025,A computational workflow for end-to-end simulation of percutaneous absorption.,Duo Zhang; Benjamin N Deacon; Weijun Li; Guoping Lian; Tao Chen,International journal of pharmaceutics,10.1016/j.ijpharm.2024.125084,39681219,4,md_atomistic_skin,MD,pubmed
19,2024,Development of a hierarchical support vector regression-based in silico model for the prediction of the cysteine depletion in DPRA.,Giang H Ta; Ching-Feng Weng; Max K Leong,Toxicology,10.1016/j.tox.2024.153739,38307191,3,skin_permeability_qsar,SVM,pubmed
21,2025,"Transdermal Drug Delivery of Flavonoid Compounds and Nanoparticles: Uptake, Interaction, Mechanism, and QSAR Studies.",Zhaoli Jiang; Hua Shao; Ying Li; Shiling Yuan,Langmuir : the ACS journal of surfaces and colloids,10.1021/acs.langmuir.5c02144,40704859,3,md_atomistic_skin,MD,pubmed
44,2024,Integrating mathematical approaches (IMAS): Novel methodology for predicting dermal absorption rates of chemicals under finite dose conditions.,Ryoki Kunita; Takafumi Nishijima; Hiroaki Todo; Masaaki Miyazawa,The Journal of toxicological sciences,10.2131/jts.49.219,38692909,3,skin_permeability_qsar,QSPR,pubmed
63,2017,Simulation data for an estimation of the maximum theoretical value and confidence interval for the correlation coefficient.,Paolo Rocco; Francesco Cilurzo; Paola Minghetti; Giulio Vistoli; Alessandro Pedretti,Data in brief,10.1016/j.dib.2017.07.045,28795106,3,md_atomistic_skin,MD,pubmed
68,2023,A regression analysis using simple descriptors for multiple dermal datasets: Going from individual membranes to the full skin.,Marina V Evans; Thomas E Moxon; Guoping Lian; Benjamin N Deacon; Tao Chen; Linda D Adams; Annabel Meade; John F Wambaugh,Journal of applied toxicology : JAT,10.1002/jat.4435,36609694,3,skin_permeability_qsar,regression,pubmed
98,2026,Machine learning-driven insights into the mechanical performance of polymeric microneedle array patches.,Xue Yao Liew; Jing Yi Lee; Jia Yee Ong; Ying Ying Tham; Eik Den Yeoh; Mohd Azam Osman; Choon Fu Goh,Journal of controlled release : official journal of the Controlled Release Society,10.1016/j.jconrel.2025.114505,41380941,3,microneedle_ml_permeation,ensemble,pubmed
112,2022,In Silico Interactions of the Components from the Schinus terebinthifolius Extract with Human Tyrosinase.,Julia N Bezerra; João Paulo M Spadeto; Joyce K Daré; Wanda Pereira Almeida; Matheus P Freitas; Rodrigo A Cormanich,ChemPlusChem,10.1002/cplu.202200109,35922385,3,skin_permeability_qsar,QSAR,pubmed
67,2026,Machine learning-guided composite ionic liquid-based system for dual-drug delivery targeting redox homeostasis and STAT3-PI3K axis in psoriasis therapy.,Meng Zeng; Ping Deng; Qian Yang; Jie Hu; Jixiang Li; Qi Tang; Xiaoyan Pu; Liangke Zhang,Bioactive materials,10.1016/j.bioactmat.2025.11.034,41438202,2,formulation_optimization_ml,ML,pubmed
81,2025,"Puncturing soft substrates with microneedle Arrays: Experiments, simulations, and machine learning predictions.",Nan Hu; Junjie Liu; Qifang Zhang; Lvfeng Jiang; Yuhong Li; Zhipeng Zhou; Guozheng Kang,Journal of the mechanical behavior of biomedical materials,10.1016/j.jmbbm.2025.107112,40618616,2,microneedle_design_simulation,ensemble,pubmed
1,2026,Taguchi–machine learning hybrid framework for optimization of particulate drug delivery systems,Doğukan Duymaz; Seda Kizilel,Journal of Drug Delivery Science and Technology,10.1016/j.jddst.2025.107839,,1,formulation_optimization_ml,ensemble,crossref
41,2025,"Corrigendum to ""Artificial intelligence-driven hydrogel microneedle patches integrating 5-fluorouracil inclusion complex-loaded flexible pegylated liposomes for enhanced non-melanoma skin cancer treatment"" [Int. J. Pharm. 669 (2025) 125072].",Phuvamin Suriyaamporn; Chaiyakarn Pornpitchanarong; Thapakorn Charoenying; Koranat Dechsri; Tanasait Ngawhirunpat; Praneet Opanasopit; Boonnada Pamornpathomkul,International journal of pharmaceutics,10.1016/j.ijpharm.2025.125260,39855956,1,microneedle_ml_permeation,none,pubmed
47,2025,Integrating Polymeric 3D-Printed Microneedles with Wearable Devices: Toward Smart and Personalized Healthcare Solutions.,Mahmood Razzaghi,Polymers,10.3390/polym18010123,41516906,1,review_perspective,review,pubmed
54,2026,Redefining Tumor Vascular Permeability through Deep Learning-Guided Microneedle Delivery.,Jingwei Tian; Mingsheng Zhu; Zhenyu Guan; Jianxin Liu; Yuanke Li; Qiqi Liu; Yingqi Miao; Jin Wu,ACS nano,10.1021/acsnano.5c16558,41660810,1,microneedle_ml_permeation,deep learning,pubmed
62,2024,"Corrigendum to ""Development and comparison of machine learning models for in-vitro drug permeation prediction from microneedle patch"" [Eur. J. of Pharm. Biopharm. 199 (2024) 114311].",Anuj A Biswas; Madhukiran R Dhondale; Maan Singh; Ashish K Agrawal; Prakash Muthudoss; Brahmeshwar Mishra; Dinesh Kumar,European journal of pharmaceutics and biopharmaceutics : official journal of Arbeitsgemeinschaft fur Pharmazeutische Verfahrenstechnik e.V,10.1016/j.ejpb.2024.114424,39054108,1,microneedle_ml_permeation,ensemble,pubmed
65,2025,Modeling skin sensitization: hierarchical support vector regression-based prediction of lysine depletion in DPRA.,Giang H Ta; Max K Leong,Chemico-biological interactions,10.1016/j.cbi.2025.111714,40854512,1,skin_permeability_qsar,SVM,pubmed
107,2025,Establishing a General Atomistic Model for the Stratum Corneum Lipid Matrix Based on Experimental Data for Skin Permeation Studies.,Navaneethan Radhakrishnan; Sunil C Kaul; Renu Wadhwa; Lee-Wei Yang; Durai Sundar,International journal of molecular sciences,10.3390/ijms26020674,39859387,1,md_atomistic_skin,MD,pubmed
0,2026,Artificial Intelligence and Machine Learning Applications in Drug Delivery Technology: A Review,Dr. Namrata Bhatt; Dr. Upendra Singh,International Journal of Drug Delivery Technology,10.25258/ijddt.16.43s.71,,0,formulation_optimization_ml,ensemble,crossref
2,2026,"Artificial Intelligence in Drug Delivery for Infectious Diseases: A Critical Synthesis of Machine Learning Architectures, PBPK Modeling, and Antimicrobial Resistance",Rupinder Preet Kaur; Vaishali Arora; Sanjana Manjh,Journal of Drug Delivery and Therapeutics,10.22270/jddt.v16i6.7788,,0,formulation_optimization_ml,ensemble,crossref
3,2026,Comparative Analysis of Machine Learning Algorithms for Predictive Drug Delivery Systems,Dr. Amita V. Shah; Dr. Pooja K. Shah; Hetal B. Pandya,International Journal of Drug Delivery Technology,10.25258/ijddt.16.15s.22,,0,formulation_optimization_ml,ensemble,crossref
10,2026,Machine Learning Assisted Design and Simulation of Drug Delivery Mechanisms,Vinayakumar Kadibagil; V. Beula Shanthi Ammani Ammal; Wilfy Shah; J. Selvakumar; Sheetalrani R Kawale; Divya Adalja,International Journal of Drug Delivery Technology,10.25258/ijddt.16.53s.74,,0,formulation_optimization_ml,review,crossref
11,2026,Machine Learning-Based Hybrid Optimization of SVM for Drug Delivery Data Analysis,Shudhodhan Bokefode; Ujwala Suhas Chavan; Sophiya Shikalgar; Sheshmal S. Shingne; Kumudbala Saxena; Arpita Agarwal,International Journal of Drug Delivery Technology,10.25258/ijddt.16.46s.20,,0,formulation_optimization_ml,SVM,crossref
12,2026,Optimization of Nanoparticulate Drug Delivery Systems (NDDS) Using Hybrid Machine Learning Architectures: A Predictive Modeling Approach for Controlled Release Kinetics,Katta Vijay Kumar; A. V. Santhosh Kumar,International Journal of Drug Delivery Technology,10.25258/ijddt.16.38s.53,,0,nanoparticle_dermal_ml,ensemble,crossref
16,2026,Artificial Intelligence in Pharmaceutics and Drug Delivery: Current Applications and Future Perspectives,Ritika Sharma; Harmeet Singh,Journal of Drug Delivery and Therapeutics,10.22270/jddt.v16i7.7845,,0,review_perspective,review,crossref
17,2026,Advancing transdermal drug delivery through 4D bioprinting and dynamic skin modelling,Prina Mehta,Frontiers in Drug Delivery,10.3389/fddev.2026.1753384,41799411,0,md_atomistic_skin,FEM,crossref
18,2026,AI-Based Smart Drug Delivery Systems: Integrating Artificial Intelligence and Nanotechnology,Jumaeva Malokhat Mustahkimovna; Marupova Madina Khikmatuloyevna; Akshay A. Harale,International Journal of Drug Delivery Technology,10.25258/ijddt.16.18s.56,,0,nanoparticle_dermal_ml,GAN,crossref
26,2026,In vitro estimation of human skin permeability and retention and quantitative structure-property analysis of selected chalcones.,Vladimir Dobričić; Nastasija Anđelković; Milkica Crevar; Nemanja Turković; Zorica Vujić; Branka Ivković,Acta chimica Slovenica,10.17344/acsi.2025.9677,42338106,0,skin_permeability_qsar,QSPR,pubmed
30,2026,Integrated microneedle patch and machine learning in time-resolved fluorescent immunochromatography test strip for accurate and rapid detection of Staphylococcus aureus enterotoxin B in salmon.,Hui Jiang; Hui Du; Donglei Jiang; Xinmei Liu; Haijing Wu; Mengjing Huang; Rui Sun; Xiaojie Sun,International journal of food microbiology,10.1016/j.ijfoodmicro.2026.111725,41806717,0,microneedle_ml_permeation,ensemble,pubmed
31,2026,Development of a rapid detection method for patch thickness based on machine vision and near infrared spectroscopy: a case study of curcumin patch.,Sijun Wu; Haibin Qu,International journal of pharmaceutics,10.1016/j.ijpharm.2025.126527,41443326,0,formulation_optimization_ml,ANN,pubmed
33,2026,Adapalene in Acne Treatment: Innovations in Nanocarriers and Role of AI in Drug Delivery- A Comprehensive Review.,Tushar Verma; Ravi Pratap Singh; Mahima Chaudhary; Pramod Kumar Sharma; Dharmendra Kumar,Current drug delivery,10.2174/0115672018447938260328154653,41935370,0,nanoparticle_dermal_ml,review,pubmed
34,2025,Stratified quantitative analysis of the penetration of active ingredients in the skin by infrared spectroscopic imaging.,Tong Ha; Yunchi Hu; Yan Kang; Yiping Du,Talanta,10.1016/j.talanta.2025.127871,40043373,0,skin_permeability_qsar,ANN,pubmed
46,2026,Next-generation epidermal patches: Bridging 3D and multidimensional printing for biomedical and personal care innovations.,Labiba K El-Khordagui; Salma E El-Habashy; Abdolreza Simchi; Hebat-Allah S Tohamy; Maria Letizia Focarete; Mariangela Rea; Luana Di Lisa; Snigdha Roy Barman,Bioactive materials,10.1016/j.bioactmat.2026.03.054,42005999,0,review_perspective,review,pubmed
49,2026,High-throughput PBK modelling for dermal exposure: a pragmatic approach to predict systemic pharmacokinetics.,Zeynep Edizcan; Stephan Schaller; Lars Kuepfer; René Geci,Archives of toxicology,10.1007/s00204-026-04357-4,41915192,0,skin_permeability_qsar,QSAR,pubmed
51,2026,Microneedle-based theranostics for melanoma: Advances and outlook.,Jiahong Xu; Jiale Ma; Jiaqi Lou; Xuran Lin; Xinge Zhang; Zhikang Zhu; Hao Yu; Shoujie Wang,Materials today. Bio,10.1016/j.mtbio.2026.103054,41953719,0,microneedle_ml_permeation,none,pubmed
53,2022,[Estimation of skin absorption of chemicals with Fick's diffusion model].,Hiroaki Todo,Nihon yakurigaku zasshi. Folia pharmacologica Japonica,10.1254/fpj.22034,36047148,0,skin_permeability_qsar,FEM,pubmed
58,2026,FEA-guided co-design of bubble microneedles: controlled tip separation for rapid transdermal and sublingual delivery.,Changzhao Jiang; Jing Yang; Mengxuan Gao; Yi He; Weiwei Liao; Hang Chen; Zhixiong Wang; Shibo Ying,Drug delivery,10.1080/10717544.2026.2667564,42118678,0,microneedle_design_simulation,FEM,pubmed
59,2026,Machine Learning-Guided Near-Infrared Laser Processing for Precise Geometry Control in Microneedles with Downstream microLED-Triggered Photothermal Functionality.,Ismail Eş; Burak M Gormus; Pinar Ayas; Irfan Ullah; Christopher M Proctor,"Small (Weinheim an der Bergstrasse, Germany)",10.1002/smll.74545,42460780,0,microneedle_design_simulation,ML,pubmed
64,2026,In Vitro Release Prediction of Colchicine Transdermal Patch Based on Raman Spectroscopy Imaging and Data-Driven Modeling.,Xin Sha; Wenliang Dong; Lisong Zhang; Lian Li; Wenlong Li,AAPS PharmSciTech,10.1208/s12249-026-03480-w,42310244,0,formulation_optimization_ml,ensemble,pubmed
75,2026,Emerging Technologies and Current Trends in Cosmeceutics: Exploring Nanotechnology and Artificial Intelligence-Aided Approaches.,Phei Er Kee; Achuth Jayakrishnan; Vinie Xian Ying Tan; Ying Hui Loke; Muhammad Redza Fahmi Mod Razif; Kar Ming Yee; Long Chiau Ming; Mohammad F Bostanudin,Current pharmaceutical design,10.2174/0113816128428839260214132903,41919428,0,formulation_optimization_ml,ML,pubmed
79,2026,Development of AI-assisted 3D-printed degradable hydrogel microneedles for transdermal delivery of progesterone-loaded solid lipid nanoparticles: a novel approach to slowing Alzheimer's disease progression.,Phuvamin Suriyaamporn; Pawaris Wongprayoon; Warut Pannakkong; Boonnada Pamornpathomkul; Tanasait Ngawhirunpat; Theerasak Rojanarata; Praneet Opanasopit,International journal of pharmaceutics,10.1016/j.ijpharm.2026.126967,42107748,0,microneedle_ml_permeation,ANN,pubmed
84,2026,AI-Derived Smart Microneedle Systems for Advanced Wound Management: From Intelligent Sensing to Closed-Loop Therapy.,Xinran Chen; Kaiwen Zhou; Xin Li; Tong Wu; Hao Ren; Bingbing Gao,Macromolecular bioscience,10.1002/mabi.70204,42338323,0,microneedle_ml_permeation,ANN,pubmed
91,2016,"Exploratory data analysis of the dependencies between skin permeability, molecular weight and log P.",D Kilian; H J R Lemmer; M Gerber; J L du Preez; J du Plessis,Die Pharmazie,,27455549,,skin_permeability_qsar,none,pubmed
102,2026,Understanding drug diffusion and permeation in transdermal patches: A kinetic perspective.,Ishu Garg; Madhu Verma; Urmi Chaurasia; Tushar Negi; Shivani Rawat,European journal of pharmaceutics and biopharmaceutics : official journal of Arbeitsgemeinschaft fur Pharmazeutische Verfahrenstechnik e.V,10.1016/j.ejpb.2026.115152,42315040,0,formulation_optimization_ml,review,pubmed
113,2026,Development and OECD-Guided Experimental Validation of Eigenvalue-Based QSAR Models for Skin Permeation.,Anish Gomatam; Manu Mathew; Jeffrey Pradeep Raj; Kavita Raikuvar; Saurabh Katawale; Hemali Savla; Krishna Iyer; Evans Coutinho,Journal of applied toxicology : JAT,10.1002/jat.70333,42402357,0,skin_permeability_qsar,QSAR,pubmed
