row_index,fold,model,observed,predicted
0,3,GaussianProcess,-0.67,-1.2919406901960695
1,5,GaussianProcess,-3.83,-2.7802934948746385
2,3,GaussianProcess,-1.78,-1.1391043806937526
3,4,GaussianProcess,-1.67,-1.8544066110210133
4,3,GaussianProcess,-2.81,-3.5996800504529185
5,2,GaussianProcess,-2.8,-3.434314508017618
6,3,GaussianProcess,-1.59,-1.7291826212485053
7,4,GaussianProcess,-1.62,-1.1031189378785138
8,4,GaussianProcess,-1.36,-1.4981731999252346
9,1,GaussianProcess,-2.985,-2.6553800589977734
10,3,GaussianProcess,-1.23,-1.4223745329114763
11,3,GaussianProcess,-1.14,-2.2315354596627737
12,2,GaussianProcess,-3.33,-4.00125259808195
13,4,GaussianProcess,-2.77,-2.978772959288319
14,5,GaussianProcess,-4.22,-2.673109095502457
15,1,GaussianProcess,-2.14,-1.4458457263353757
16,1,GaussianProcess,-1.57,-1.426471374598145
17,4,GaussianProcess,-1.77,-2.5415856364346134
18,1,GaussianProcess,-3.42,-3.688346170832098
19,2,GaussianProcess,-3.105,-3.046454564185001
20,5,GaussianProcess,-3.15,-3.441156114176245
21,5,GaussianProcess,-4.1,-3.9607531962016598
22,3,GaussianProcess,-2.33,-3.1530320967938366
23,4,GaussianProcess,-1.12,-1.3635885146691484
24,2,GaussianProcess,-2.59,-2.315400625058263
25,1,GaussianProcess,-4.18,-2.446567683113428
26,2,GaussianProcess,-1.21,-1.7335675899324035
27,3,GaussianProcess,-2.69,-1.9657744163156683
28,2,GaussianProcess,-2.075,-2.9654869247666964
29,2,GaussianProcess,-3.19,-3.19616831349409
30,1,GaussianProcess,-4.3,-3.7947315434346436
31,2,GaussianProcess,-3.54,-3.9754320509467367
32,3,GaussianProcess,-3.82,-2.9808808817187695
33,3,GaussianProcess,-4.95,-4.082462593971526
34,4,GaussianProcess,-3.76,-3.434555911678533
35,2,GaussianProcess,-3.87,-4.113354675364866
36,3,GaussianProcess,-4.41,-3.8011790358994215
37,5,GaussianProcess,-1.79,-2.5770047498191575
38,2,GaussianProcess,-2.48,-2.5367082152673217
39,4,GaussianProcess,-3.33,-2.906350527303567
40,4,GaussianProcess,-2.9,-1.7327718843733728
41,2,GaussianProcess,-2.92,-3.5089657378789747
42,2,GaussianProcess,-3.89,-3.7664898804092557
43,4,GaussianProcess,-3.63,-2.8312928317834536
44,4,GaussianProcess,-3.09,-3.3917047651406564
45,1,GaussianProcess,-1.56,-1.3810566081976579
46,3,GaussianProcess,-1.81,-2.5192645896599233
47,4,GaussianProcess,-3.725,-3.1715846443049376
48,5,GaussianProcess,-2.48,-3.376850950508733
49,4,GaussianProcess,-3.95,-3.3990933316570766
50,5,GaussianProcess,-2.64,-3.433435871706616
51,2,GaussianProcess,-3.34,-4.456774942710867
52,5,GaussianProcess,-1.97,-2.8645859197357053
53,4,GaussianProcess,-3.71,-3.2057045189870332
54,5,GaussianProcess,-2.18,-2.950128344343653
55,1,GaussianProcess,-3.96,-2.557076304564279
56,2,GaussianProcess,-3.46,-2.5554352264727545
57,5,GaussianProcess,-2.48,-3.2000805870858064
58,5,GaussianProcess,-2.54,-2.94640582034833
59,4,GaussianProcess,-1.14,-2.0769337880707703
60,1,GaussianProcess,-1.22,-1.8108749006849953
61,3,GaussianProcess,-1.86,-1.9538611265885835
62,3,GaussianProcess,-2.22,-2.2306359506767848
63,5,GaussianProcess,-2.46,-2.4419844182982575
64,4,GaussianProcess,-1.14,-2.1570437111118914
65,2,GaussianProcess,-1.435,-1.5331433184931256
66,1,GaussianProcess,-2.61,-3.3390545811533068
67,2,GaussianProcess,-4.6,-2.6339110797419774
68,2,GaussianProcess,-2.73,-3.1745451436109313
69,1,GaussianProcess,-2.17,-3.3901485680142334
70,3,GaussianProcess,-1.11,-1.2520980249193825
71,5,GaussianProcess,-3.0,-2.6687106800938607
72,4,GaussianProcess,-1.1,-2.125300476679372
73,1,GaussianProcess,-1.2,-1.3265416067120823
74,5,GaussianProcess,-1.82,-1.7053696115554726
75,1,GaussianProcess,-3.7,-1.5674621572730951
76,2,GaussianProcess,-2.99,-3.400077494680501
77,3,GaussianProcess,-2.32,-1.956433214844257
78,2,GaussianProcess,-2.79,-2.678115479731633
79,2,GaussianProcess,-2.43,-2.997353863491112
80,4,GaussianProcess,-1.55,-1.9106192385348928
81,4,GaussianProcess,-0.69,-1.9495200945709614
82,2,GaussianProcess,-1.14,-1.670588028415275
83,4,GaussianProcess,-1.86,-1.976180067459434
84,1,GaussianProcess,-1.69,-1.9860214403527936
85,3,GaussianProcess,-4.23,-3.4321431116482524
86,1,GaussianProcess,-0.71,-1.4619423583455653
87,5,GaussianProcess,-1.85,-2.185050334275652
88,5,GaussianProcess,-4.34,-2.421058024089018
89,4,GaussianProcess,-6.0,-3.2801885012069136
90,3,GaussianProcess,-3.28,-3.2144929584535795
91,4,GaussianProcess,-4.12,-3.168876340941032
92,5,GaussianProcess,-4.18,-3.5279039991300825
93,1,GaussianProcess,-4.635,-3.8530218593835377
94,4,GaussianProcess,-4.455,-3.9418047573279864
95,2,GaussianProcess,-4.17,-4.302051955186352
96,2,GaussianProcess,-3.0,-1.828546960467066
97,1,GaussianProcess,-2.34,-2.1536492025916045
98,1,GaussianProcess,-3.64,-3.623010794681867
99,5,GaussianProcess,-2.47,-3.856450644103629
100,2,GaussianProcess,-1.18,-2.157106201912134
101,1,GaussianProcess,-1.785,-1.7737847049056663
102,5,GaussianProcess,-1.62,-1.4055761049107027
103,5,GaussianProcess,-1.44,-1.8638322047398186
104,1,GaussianProcess,-2.41,-2.1518494124820733
105,4,GaussianProcess,-4.01,-2.9308116292329878
106,5,GaussianProcess,-3.08,-3.263191483767235
107,5,GaussianProcess,-1.06,-1.6966874488917634
108,2,GaussianProcess,-2.05,-3.090485934060209
109,2,GaussianProcess,-2.15,-1.9478790580638632
110,4,GaussianProcess,-3.68,-2.717391198228312
111,1,GaussianProcess,-3.05,-2.708959842029737
112,3,GaussianProcess,-3.44,-2.82674551801035
113,3,GaussianProcess,-3.03,-3.9314218151237577
114,3,GaussianProcess,-2.89,-3.5117806535564617
115,3,GaussianProcess,-3.76,-3.8287388076422637
116,5,GaussianProcess,-2.63,-3.9643886792313534
117,1,GaussianProcess,-3.1,-2.449604520050437
118,3,GaussianProcess,-4.24,-3.5112275040736645
119,2,GaussianProcess,-2.91,-3.5993721186471292
120,2,GaussianProcess,-2.93,-3.20136112987614
121,5,GaussianProcess,-1.44,-1.3250580960895424
122,3,GaussianProcess,-2.53,-2.6966429944061243
123,4,GaussianProcess,-1.57,-1.2094025275981628
124,3,GaussianProcess,-1.21,-1.181619482748186
125,3,GaussianProcess,-1.25,-1.181619482748185
126,2,GaussianProcess,-1.09,-1.4897428199499105
127,2,GaussianProcess,-1.31,-1.2155326058961569
128,2,GaussianProcess,-0.69,-1.1247625787898927
129,5,GaussianProcess,-0.74,-0.7368676413045498
130,5,GaussianProcess,-0.79,-0.7461829120021457
131,4,GaussianProcess,-0.3,-3.290659977926782
132,3,GaussianProcess,-4.56,-3.270260603849837
133,4,GaussianProcess,-5.7,-3.2740217517946286
134,4,GaussianProcess,-4.04,-3.8182862940892215
135,2,GaussianProcess,-3.43,-3.7768094983446283
136,2,GaussianProcess,-2.45,-2.6054546770133955
137,2,GaussianProcess,-0.77,-1.6647296221608814
138,1,GaussianProcess,-1.04,-1.2422608794276966
139,4,GaussianProcess,-0.79,-1.289221233980112
140,3,GaussianProcess,-0.82,-1.2666515587584943
141,1,GaussianProcess,-1.0,-1.6466178069730795
142,3,GaussianProcess,-2.17,-2.082406982551503
143,3,GaussianProcess,-4.2,-3.304498778335942
144,1,GaussianProcess,-3.95,-4.056280889056921
145,2,GaussianProcess,-4.34,-3.927876610799423
146,3,GaussianProcess,-3.76,-3.2679367895852574
147,4,GaussianProcess,-4.15,-3.4499174596202833
148,1,GaussianProcess,-3.54,-4.20853550779027
149,5,GaussianProcess,-3.58,-3.291396889830902
150,2,GaussianProcess,-3.18,-2.3254737748446477
151,5,GaussianProcess,-2.66,-3.240146152712617
152,1,GaussianProcess,-2.67,-1.879093573325513
153,3,GaussianProcess,-1.44,-1.6323888048792474
154,3,GaussianProcess,-2.745,-2.461842398699885
155,3,GaussianProcess,-3.2,-2.7611562555917737
156,4,GaussianProcess,-2.42,-2.9790992949543726
157,5,GaussianProcess,-2.55,-2.7083134412266494
158,1,GaussianProcess,-1.53,-2.893346704331737
159,3,GaussianProcess,-2.2,-2.481776741599138
160,5,GaussianProcess,-2.14,-2.780900198918103
161,2,GaussianProcess,-3.34,-2.8863217909623264
162,3,GaussianProcess,-5.3,-3.7313451330555605
163,4,GaussianProcess,-3.87,-3.473409637514122
164,2,GaussianProcess,-2.99,-2.911079842028605
165,3,GaussianProcess,-2.58,-2.307882808683357
166,4,GaussianProcess,-2.72,-1.8641915814357641
167,1,GaussianProcess,-2.79,-2.4015810177514436
168,4,GaussianProcess,-2.72,-2.282248650047932
169,5,GaussianProcess,-4.24,-2.658907097514335
170,1,GaussianProcess,-2.4,-1.7080454552218156
171,1,GaussianProcess,-2.85,-2.6039058264555504
172,2,GaussianProcess,-1.96,-2.5355453591377297
173,2,GaussianProcess,-2.95,-2.5456274366176777
174,5,GaussianProcess,-4.49,-2.6954655684063353
175,1,GaussianProcess,-3.33,-3.588704857534114
176,3,GaussianProcess,-1.66,-3.6061144953608495
177,5,GaussianProcess,-3.0,-3.3591347290215774
178,1,GaussianProcess,-1.76,-2.116169681482389
179,5,GaussianProcess,-2.59,-3.2889680533581336
180,3,GaussianProcess,-2.2,-2.802773245538858
181,2,GaussianProcess,0.12,-1.6950047890735513
182,1,GaussianProcess,-1.9,-1.3609098797390096
183,4,GaussianProcess,-1.46,-1.5539359347731618
184,1,GaussianProcess,-2.38,-3.320650852769423
185,2,GaussianProcess,-2.68,-3.1270385743206184
186,4,GaussianProcess,-5.59,-2.7776706007667955
187,5,GaussianProcess,-3.4,-2.7265028965881344
188,5,GaussianProcess,-1.95,-2.7187264360124077
189,4,GaussianProcess,-1.52,-1.3143557599112037
190,1,GaussianProcess,-1.27,-1.7952573745943428
191,1,GaussianProcess,-4.1,-4.198894344982274
192,3,GaussianProcess,-3.64,-3.2101297099745185
193,4,GaussianProcess,-3.77,-3.759584444941633
194,4,GaussianProcess,-2.4,-2.6976041833596187
195,1,GaussianProcess,-4.36,-3.162484835160062
196,5,GaussianProcess,-5.28,-2.659783340097269
197,1,GaussianProcess,-4.65,-2.652405760197043
198,4,GaussianProcess,-1.47,-2.172868725921224
199,2,GaussianProcess,-2.87,-2.5546450812076484
200,1,GaussianProcess,-2.365,-2.463680199156142
201,5,GaussianProcess,-2.51,-3.2534471581911273
202,5,GaussianProcess,-2.72,-2.819816651359386
203,1,GaussianProcess,-3.9,-2.664269073298625
204,3,GaussianProcess,-2.95,-2.4823563160247173
205,3,GaussianProcess,-1.2,-1.2243464035683103
206,5,GaussianProcess,-2.695,-2.37765073709763
207,4,GaussianProcess,-2.81,-2.9449716004238784
208,3,GaussianProcess,-1.58,-1.2243464035683145
209,1,GaussianProcess,-2.03,-1.4617957614799462
210,5,GaussianProcess,-2.51,-2.3776507370976323
211,1,GaussianProcess,-2.88,-2.9624699096276004
212,4,GaussianProcess,-1.92,-0.8773475237722679
213,5,GaussianProcess,-0.53,-1.7300684210036164
0,3,MLR,-0.67,-2.1808984453084097
1,5,MLR,-3.83,-0.9395999484597066
2,3,MLR,-1.78,-2.1717929302665957
3,4,MLR,-1.67,-1.4874668084523963
4,3,MLR,-2.81,-2.554039875868602
5,2,MLR,-2.8,-2.5481777984887755
6,3,MLR,-1.59,-2.19811307603596
7,4,MLR,-1.62,-1.967510266622467
8,4,MLR,-1.36,-2.000164544619189
9,1,MLR,-2.985,-2.281118588263962
10,3,MLR,-1.23,-2.0356011940414085
11,3,MLR,-1.14,-3.2420876627577426
12,2,MLR,-3.33,-4.317630666588577
13,4,MLR,-2.77,-3.1032510239232094
14,5,MLR,-4.22,-2.689946977177822
15,1,MLR,-2.14,-2.116191377127959
16,1,MLR,-1.57,-1.8729459980053236
17,4,MLR,-1.77,-2.568732172747039
18,1,MLR,-3.42,-2.626010263450711
19,2,MLR,-3.105,-2.6412535643082546
20,5,MLR,-3.15,-3.801931621193778
21,5,MLR,-4.1,-3.8136127554044257
22,3,MLR,-2.33,-2.3891251126388426
23,4,MLR,-1.12,-2.101095226492265
24,2,MLR,-2.59,-2.473011171489454
25,1,MLR,-4.18,-2.606127438236275
26,2,MLR,-1.21,-1.8331339170054335
27,3,MLR,-2.69,-2.21908324463783
28,2,MLR,-2.075,-2.369721046242685
29,2,MLR,-3.19,-3.5478003092391184
30,1,MLR,-4.3,-3.2459862977137615
31,2,MLR,-3.54,-2.973285294299668
32,3,MLR,-3.82,-4.060579028602156
33,3,MLR,-4.95,-4.222621173508232
34,4,MLR,-3.76,-3.1796171523572347
35,2,MLR,-3.87,-3.710280524188547
36,3,MLR,-4.41,-3.368037029633218
37,5,MLR,-1.79,-3.3158715889693724
38,2,MLR,-2.48,-3.4091208500416883
39,4,MLR,-3.33,-2.5328431316044315
40,4,MLR,-2.9,-1.8610058984348683
41,2,MLR,-2.92,-2.641377472566057
42,2,MLR,-3.89,-3.850595321090502
43,4,MLR,-3.63,-1.938924284617801
44,4,MLR,-3.09,-3.4063307386159734
45,1,MLR,-1.56,-2.0175537453346726
46,3,MLR,-1.81,-2.8741016936436026
47,4,MLR,-3.725,-2.6975758376057604
48,5,MLR,-2.48,-3.3706886118143045
49,4,MLR,-3.95,-2.9135360453517722
50,5,MLR,-2.64,-3.0654219871873263
51,2,MLR,-3.34,-3.3937659449962343
52,5,MLR,-1.97,-3.281394806989603
53,4,MLR,-3.71,-2.819369621960334
54,5,MLR,-2.18,-4.027802011972464
55,1,MLR,-3.96,-1.705684467564244
56,2,MLR,-3.46,-4.123165651418024
57,5,MLR,-2.48,-4.609427692813364
58,5,MLR,-2.54,-4.469726246165552
59,4,MLR,-1.14,-1.9438303307921352
60,1,MLR,-1.22,-1.8352781537423106
61,3,MLR,-1.86,-2.2536879127947342
62,3,MLR,-2.22,-2.3320581395153037
63,5,MLR,-2.46,-2.4273146934132526
64,4,MLR,-1.14,-2.0032573274355583
65,2,MLR,-1.435,-1.8968208806397233
66,1,MLR,-2.61,-2.0949307275988605
67,2,MLR,-4.6,-2.088713110752141
68,2,MLR,-2.73,-2.141437062061807
69,1,MLR,-2.17,-2.09346335104959
70,3,MLR,-1.11,-2.295088235132088
71,5,MLR,-3.0,-2.5001187346206946
72,4,MLR,-1.1,-2.045063578969975
73,1,MLR,-1.2,-1.988658867978594
74,5,MLR,-1.82,-2.106763244758362
75,1,MLR,-3.7,-2.1585132214853133
76,2,MLR,-2.99,-2.649605333235432
77,3,MLR,-2.32,-2.42883133223703
78,2,MLR,-2.79,-2.565998414222475
79,2,MLR,-2.43,-2.599784324518358
80,4,MLR,-1.55,-1.5608431622003383
81,4,MLR,-0.69,-1.16168460019691
82,2,MLR,-1.14,-2.176966441889429
83,4,MLR,-1.86,-2.0597678497556497
84,1,MLR,-1.69,-1.6572168378798282
85,3,MLR,-4.23,-2.454580420104875
86,1,MLR,-0.71,-2.140383934374653
87,5,MLR,-1.85,-1.9410250239669011
88,5,MLR,-4.34,-2.179481942336799
89,4,MLR,-6.0,-2.1018039831249773
90,3,MLR,-3.28,-4.037400727206142
91,4,MLR,-4.12,-2.8886140818583166
92,5,MLR,-4.18,-4.070816963169621
93,1,MLR,-4.635,-3.632639852248266
94,4,MLR,-4.455,-3.9414591386943174
95,2,MLR,-4.17,-4.068023868981174
96,2,MLR,-3.0,-2.5671830967719615
97,1,MLR,-2.34,-2.184649715998832
98,1,MLR,-3.64,-2.930696896673602
99,5,MLR,-2.47,-2.9877153337543545
100,2,MLR,-1.18,-2.2473273273914427
101,1,MLR,-1.785,-2.13213119730187
102,5,MLR,-1.62,-1.7329896305538077
103,5,MLR,-1.44,-2.074506695659738
104,1,MLR,-2.41,-1.9402826998203662
105,4,MLR,-4.01,-2.342813731537046
106,5,MLR,-3.08,-2.756491800859717
107,5,MLR,-1.06,-0.7594008527351497
108,2,MLR,-2.05,-2.3310699596589646
109,2,MLR,-2.15,-2.068316242022304
110,4,MLR,-3.68,-2.7057106492894025
111,1,MLR,-3.05,-2.2873105756702143
112,3,MLR,-3.44,-3.276173684025719
113,3,MLR,-3.03,-3.840535249018925
114,3,MLR,-2.89,-3.524819844915265
115,3,MLR,-3.76,-3.9074251967803226
116,5,MLR,-2.63,-3.8137742966396857
117,1,MLR,-3.1,-2.4577237124309717
118,3,MLR,-4.24,-3.805687707463708
119,2,MLR,-2.91,-2.636163239538299
120,2,MLR,-2.93,-3.5092052396377236
121,5,MLR,-1.44,-2.1713747228083635
122,3,MLR,-2.53,-2.591595124915669
123,4,MLR,-1.57,-1.8854286723179903
124,3,MLR,-1.21,-2.3114540805377355
125,3,MLR,-1.25,-2.3114540805377355
126,2,MLR,-1.09,-2.3106912178697048
127,2,MLR,-1.31,-2.4773301632979856
128,2,MLR,-0.69,-2.2528355442533012
129,5,MLR,-0.74,-1.7762021016603982
130,5,MLR,-0.79,-1.9779548071717477
131,4,MLR,-0.3,-2.5337547688055526
132,3,MLR,-4.56,-2.912789114661221
133,4,MLR,-5.7,-2.940013822204956
134,4,MLR,-4.04,-3.4861206747281956
135,2,MLR,-3.43,-4.143759758625333
136,2,MLR,-2.45,-3.4878895545469852
137,2,MLR,-0.77,-1.8753261080096206
138,1,MLR,-1.04,-1.7904345033025635
139,4,MLR,-0.79,-1.8401395393475124
140,3,MLR,-0.82,-1.8675711957033867
141,1,MLR,-1.0,-1.832844444983525
142,3,MLR,-2.17,-2.10763265995695
143,3,MLR,-4.2,-2.5043868709043076
144,1,MLR,-3.95,-2.9488697722544153
145,2,MLR,-4.34,-3.3713962040775165
146,3,MLR,-3.76,-2.573769081464088
147,4,MLR,-4.15,-2.5931974971947933
148,1,MLR,-3.54,-2.9153647731969237
149,5,MLR,-3.58,-3.071289950697596
150,2,MLR,-3.18,-2.203876363116396
151,5,MLR,-2.66,-3.150061473984422
152,1,MLR,-2.67,-2.477125467282381
153,3,MLR,-1.44,-2.2996268445425807
154,3,MLR,-2.745,-2.206370654134729
155,3,MLR,-3.2,-2.535721868984453
156,4,MLR,-2.42,-2.700056465031947
157,5,MLR,-2.55,-2.321939198960901
158,1,MLR,-1.53,-2.473985263797074
159,3,MLR,-2.2,-2.13762728763819
160,5,MLR,-2.14,-2.50979157865794
161,2,MLR,-3.34,-2.5855376383685793
162,3,MLR,-5.3,-3.958689426281176
163,4,MLR,-3.87,-3.64612850606913
164,2,MLR,-2.99,-2.2086398253682664
165,3,MLR,-2.58,-2.2362483757061984
166,4,MLR,-2.72,-2.3901812261159145
167,1,MLR,-2.79,-2.2703043298099983
168,4,MLR,-2.72,-2.4228355041126366
169,5,MLR,-4.24,-1.3516458465004988
170,1,MLR,-2.4,-2.205362950370528
171,1,MLR,-2.85,-2.2914029123992874
172,2,MLR,-1.96,-2.289702509104428
173,2,MLR,-2.95,-2.4001280307822563
174,5,MLR,-4.49,-4.735097021142018
175,1,MLR,-3.33,-3.595062786479049
176,3,MLR,-1.66,-2.5103226433278163
177,5,MLR,-3.0,-2.5914830697044127
178,1,MLR,-1.76,-2.2387942821602493
179,5,MLR,-2.59,-2.502261249858199
180,3,MLR,-2.2,-2.4819006063027076
181,2,MLR,0.12,-2.3887716348485974
182,1,MLR,-1.9,-1.6367346859615726
183,4,MLR,-1.46,-1.9905829107036763
184,1,MLR,-2.38,-2.8296937928616477
185,2,MLR,-2.68,-3.067450316499166
186,4,MLR,-5.59,-2.603701055919104
187,5,MLR,-3.4,-2.751707078354422
188,5,MLR,-1.95,-2.040525548586617
189,4,MLR,-1.52,-1.6036014575146411
190,1,MLR,-1.27,-1.7325607228805162
191,1,MLR,-4.1,-3.277816704745393
192,3,MLR,-3.64,-2.782290987309894
193,4,MLR,-3.77,-3.71799413929228
194,4,MLR,-2.4,-2.7672023208424794
195,1,MLR,-4.36,-4.497823863973929
196,5,MLR,-5.28,-5.261766568346138
197,1,MLR,-4.65,-7.2860687685808685
198,4,MLR,-1.47,-2.3731142034613857
199,2,MLR,-2.87,-2.357911564740777
200,1,MLR,-2.365,-2.0040018139016165
201,5,MLR,-2.51,-2.5252704913446
202,5,MLR,-2.72,-2.3379740861101816
203,1,MLR,-3.9,-2.645731633258147
204,3,MLR,-2.95,-2.3982351359913734
205,3,MLR,-1.2,-2.6926849001606183
206,5,MLR,-2.695,-2.392899281737559
207,4,MLR,-2.81,-2.6339117853562186
208,3,MLR,-1.58,-2.6926849001606183
209,1,MLR,-2.03,-2.1957453374410436
210,5,MLR,-2.51,-2.392899281737559
211,1,MLR,-2.88,-2.009003780825129
212,4,MLR,-1.92,-2.294228618176422
213,5,MLR,-0.53,-2.128156862523478
0,3,Potts-Guy,-0.67,-2.498822100000001
1,5,Potts-Guy,-3.83,-1.700033999999997
2,3,Potts-Guy,-1.78,-1.9104607000000002
3,4,Potts-Guy,-1.67,-1.742381899999999
4,3,Potts-Guy,-2.81,-2.9063923000000003
5,2,Potts-Guy,-2.8,-2.310274499999999
6,3,Potts-Guy,-1.59,-2.1898414
7,4,Potts-Guy,-1.62,-2.3032555000000006
8,4,Potts-Guy,-1.36,-2.495356
9,1,Potts-Guy,-2.985,-1.2645758999999974
10,3,Potts-Guy,-1.23,-1.9667049
11,3,Potts-Guy,-1.14,-1.7784754999999994
12,2,Potts-Guy,-3.33,-5.9926896
13,4,Potts-Guy,-2.77,-3.630943100000001
14,5,Potts-Guy,-4.22,-4.343997700000002
15,1,Potts-Guy,-2.14,-2.8687989
16,1,Potts-Guy,-1.57,-2.0915891
17,4,Potts-Guy,-1.77,-1.5766484999999986
18,1,Potts-Guy,-3.42,-2.1511633
19,2,Potts-Guy,-3.105,-2.0460914999999993
20,5,Potts-Guy,-3.15,-4.512173600000001
21,5,Potts-Guy,-4.1,-4.981616600000001
22,3,Potts-Guy,-2.33,-1.838069599999999
23,4,Potts-Guy,-1.12,-1.706661099999999
24,2,Potts-Guy,-2.59,-1.421310499999997
25,1,Potts-Guy,-4.18,-1.6617480999999992
26,2,Potts-Guy,-1.21,-1.744249299999999
27,3,Potts-Guy,-2.69,-2.338464
28,2,Potts-Guy,-2.075,-1.7763664999999995
29,2,Potts-Guy,-3.19,-4.7118916
30,1,Potts-Guy,-4.3,-4.0036891
31,2,Potts-Guy,-3.54,-2.4520039
32,3,Potts-Guy,-3.82,-5.545343299999997
33,3,Potts-Guy,-4.95,-3.9342088000000004
34,4,Potts-Guy,-3.76,-2.9200917000000013
35,2,Potts-Guy,-3.87,-3.6461066000000018
36,3,Potts-Guy,-4.41,-3.5882980000000018
37,5,Potts-Guy,-1.79,-1.7051970999999992
38,2,Potts-Guy,-2.48,-1.7990347999999985
39,4,Potts-Guy,-3.33,-3.004615
40,4,Potts-Guy,-2.9,-2.5181454
41,2,Potts-Guy,-2.92,-3.4429255000000003
42,2,Potts-Guy,-3.89,-3.7481017000000016
43,4,Potts-Guy,-3.63,-2.1005348999999987
44,4,Potts-Guy,-3.09,-3.3366728000000005
45,1,Potts-Guy,-1.56,-1.9735753999999999
46,3,Potts-Guy,-1.81,-2.065514099999999
47,4,Potts-Guy,-3.725,-1.815464899999998
48,5,Potts-Guy,-2.48,-3.3058580000000015
49,4,Potts-Guy,-3.95,-3.7108415000000003
50,5,Potts-Guy,-2.64,-3.2389336
51,2,Potts-Guy,-3.34,-3.6193739
52,5,Potts-Guy,-1.97,-3.0250405000000007
53,4,Potts-Guy,-3.71,-3.3280289000000005
54,5,Potts-Guy,-2.18,-5.227064400000001
55,1,Potts-Guy,-3.96,-1.612072999999999
56,2,Potts-Guy,-3.46,-5.216159399999999
57,5,Potts-Guy,-2.48,-4.833346799999998
58,5,Potts-Guy,-2.54,-4.450534199999998
59,4,Potts-Guy,-1.14,-1.4507644999999991
60,1,Potts-Guy,-1.22,-1.8335770999999996
61,3,Potts-Guy,-1.86,-2.2163897000000006
62,3,Potts-Guy,-2.22,-2.4077960000000003
63,5,Potts-Guy,-2.46,-2.5992023000000004
64,4,Potts-Guy,-1.14,-2.298553600000001
65,2,Potts-Guy,-1.435,-2.2169419999999995
66,1,Potts-Guy,-2.61,-2.6104795999999997
67,2,Potts-Guy,-4.6,-2.6658693
68,2,Potts-Guy,-2.73,-2.8561396000000006
69,1,Potts-Guy,-2.17,-3.1130769000000003
70,3,Potts-Guy,-1.11,-1.6746400999999995
71,5,Potts-Guy,-3.0,-2.7906086
72,4,Potts-Guy,-1.1,-2.4899599
73,1,Potts-Guy,-1.2,-2.4083483
74,5,Potts-Guy,-1.82,-2.0798673
75,1,Potts-Guy,-3.7,-2.1080872
76,2,Potts-Guy,-2.99,-2.2950368999999995
77,3,Potts-Guy,-2.32,-2.9442261000000003
78,2,Potts-Guy,-2.79,-2.9820149000000002
79,2,Potts-Guy,-2.43,-2.6374608
80,4,Potts-Guy,-1.55,-3.27545
81,4,Potts-Guy,-0.69,-3.2087424
82,2,Potts-Guy,-1.14,-2.6813662000000003
83,4,Potts-Guy,-1.86,-2.5997546000000002
84,1,Potts-Guy,-1.69,-2.607264
85,3,Potts-Guy,-4.23,-3.2389522000000004
86,1,Potts-Guy,-0.71,-2.3041008
87,5,Potts-Guy,-1.85,-2.7035404000000005
88,5,Potts-Guy,-4.34,-1.1701012999999985
89,4,Potts-Guy,-6.0,-1.0148887999999974
90,3,Potts-Guy,-3.28,-5.2815627
91,4,Potts-Guy,-4.12,-3.094248500000001
92,5,Potts-Guy,-4.18,-4.0090942
93,1,Potts-Guy,-4.635,-3.2830793
94,4,Potts-Guy,-4.455,-3.5899413000000004
95,2,Potts-Guy,-4.17,-3.4431989000000005
96,2,Potts-Guy,-3.0,-2.3773466
97,1,Potts-Guy,-2.34,-2.4200745
98,1,Potts-Guy,-3.64,-1.589898399999998
99,5,Potts-Guy,-2.47,-2.630007000000001
100,2,Potts-Guy,-1.18,-2.872772500000001
101,1,Potts-Guy,-1.785,-2.7911609000000004
102,5,Potts-Guy,-1.62,-2.9900766
103,5,Potts-Guy,-1.44,-2.7911609000000004
104,1,Potts-Guy,-2.41,-2.9201198
105,4,Potts-Guy,-4.01,-3.2400882
106,5,Potts-Guy,-3.08,-3.1855789000000003
107,5,Potts-Guy,-1.06,-2.1448696
108,2,Potts-Guy,-2.05,-3.6612134000000003
109,2,Potts-Guy,-2.15,-2.7666659
110,4,Potts-Guy,-3.68,-2.988574700000001
111,1,Potts-Guy,-3.05,-2.0296850999999987
112,3,Potts-Guy,-3.44,-2.094140099999999
113,3,Potts-Guy,-3.03,-3.8795289000000013
114,3,Potts-Guy,-2.89,-3.153514000000001
115,3,Potts-Guy,-3.76,-3.460376000000001
116,5,Potts-Guy,-2.63,-3.313633600000001
117,1,Potts-Guy,-3.1,-1.9486892999999996
118,3,Potts-Guy,-4.24,-4.884214400000001
119,2,Potts-Guy,-2.91,-1.084200499999998
120,2,Potts-Guy,-2.93,-3.0101257000000006
121,5,Potts-Guy,-1.44,-1.8984143000000004
122,3,Potts-Guy,-2.53,-2.6220549
123,4,Potts-Guy,-1.57,-2.0892641000000003
124,3,Potts-Guy,-1.21,-1.6112938999999997
125,3,Potts-Guy,-1.25,-1.6112938999999993
126,2,Potts-Guy,-1.09,-1.7650007999999997
127,2,Potts-Guy,-1.31,-2.1850410000000005
128,2,Potts-Guy,-0.69,-2.338502
129,5,Potts-Guy,-0.74,-2.1781819000000002
130,5,Potts-Guy,-0.79,-2.0178618000000004
131,4,Potts-Guy,-0.3,-0.6555154999999995
132,3,Potts-Guy,-4.56,-2.424802800000001
133,4,Potts-Guy,-5.7,-0.9860974999999979
134,4,Potts-Guy,-4.04,-4.5372057
135,2,Potts-Guy,-3.43,-4.6153864
136,2,Potts-Guy,-2.45,-2.6995699
137,2,Potts-Guy,-0.77,-2.7585797000000003
138,1,Potts-Guy,-1.04,-2.245839
139,4,Potts-Guy,-0.79,-2.5982596000000004
140,3,Potts-Guy,-0.82,-2.4379395
141,1,Potts-Guy,-1.0,-2.6289040000000004
142,3,Potts-Guy,-2.17,-2.5292955
143,3,Potts-Guy,-4.2,-3.3168197
144,1,Potts-Guy,-3.95,-4.312098300000001
145,2,Potts-Guy,-4.34,-4.0979467000000005
146,3,Potts-Guy,-3.76,-3.7594436000000004
147,4,Potts-Guy,-4.15,-3.9408091000000005
148,1,Potts-Guy,-3.54,-3.9273759999999998
149,5,Potts-Guy,-3.58,-3.8270584000000003
150,2,Potts-Guy,-3.18,-3.0135165
151,5,Potts-Guy,-2.66,-2.1757629
152,1,Potts-Guy,-2.67,-2.5016689000000003
153,3,Potts-Guy,-1.44,-2.1134394000000003
154,3,Potts-Guy,-2.745,-3.0951281
155,3,Potts-Guy,-3.2,-2.7554684000000003
156,4,Potts-Guy,-2.42,-3.4902314
157,5,Potts-Guy,-2.55,-3.0135165
158,1,Potts-Guy,-1.53,-2.6738568000000003
159,3,Potts-Guy,-2.2,-3.0135165
160,5,Potts-Guy,-2.14,-3.0951281
161,2,Potts-Guy,-3.34,-2.7554684000000003
162,3,Potts-Guy,-5.3,-6.0033659
163,4,Potts-Guy,-3.87,-5.0193468
164,2,Potts-Guy,-2.99,-3.3954285
165,3,Potts-Guy,-2.58,-3.1861494
166,4,Potts-Guy,-2.72,-2.6734087000000004
167,1,Potts-Guy,-2.79,-3.0258293000000003
168,4,Potts-Guy,-2.72,-2.8655092000000004
169,5,Potts-Guy,-4.24,-2.0697694000000006
170,1,Potts-Guy,-2.4,-2.3368581
171,1,Potts-Guy,-2.85,-3.2167938000000005
172,2,Potts-Guy,-1.96,-2.6736611000000003
173,2,Potts-Guy,-2.95,-3.0564737
174,5,Potts-Guy,-4.49,-5.355665900000003
175,1,Potts-Guy,-3.33,-4.586327300000001
176,3,Potts-Guy,-1.66,-3.2613579
177,5,Potts-Guy,-3.0,-1.4080222999999998
178,1,Potts-Guy,-1.76,-2.4617423
179,5,Potts-Guy,-2.59,-1.471009299999999
180,3,Potts-Guy,-2.2,-2.7683602000000005
181,2,Potts-Guy,0.12,-1.7400581999999996
182,1,Potts-Guy,-1.9,-2.1922719
183,4,Potts-Guy,-1.46,-2.1581112
184,1,Potts-Guy,-2.38,-4.2605995000000005
185,2,Potts-Guy,-2.68,-2.9550029
186,4,Potts-Guy,-5.59,-2.8559515000000006
187,5,Potts-Guy,-3.4,-4.7734699
188,5,Potts-Guy,-1.95,-4.8945916
189,4,Potts-Guy,-1.52,-2.4045293
190,1,Potts-Guy,-1.27,-2.3186691
191,1,Potts-Guy,-4.1,-4.0598428
192,3,Potts-Guy,-3.64,-4.5339593
193,4,Potts-Guy,-3.77,-5.7744997
194,4,Potts-Guy,-2.4,-3.2351753
195,1,Potts-Guy,-4.36,-6.3568832
196,5,Potts-Guy,-5.28,-8.618887699999995
197,1,Potts-Guy,-4.65,-11.152765799999992
198,4,Potts-Guy,-1.47,-2.3170948000000005
199,2,Potts-Guy,-2.87,-2.7918456
200,1,Potts-Guy,-2.365,-0.8134874999999986
201,5,Potts-Guy,-2.51,-2.8988631
202,5,Potts-Guy,-2.72,-1.5499740999999991
203,1,Potts-Guy,-3.9,-2.8988631000000002
204,3,Potts-Guy,-2.95,-2.5922452
205,3,Potts-Guy,-1.2,-1.7722213000000004
206,5,Potts-Guy,-2.695,-2.5922452
207,4,Potts-Guy,-2.81,-2.8988631000000007
208,3,Potts-Guy,-1.58,-1.7722212999999996
209,1,Potts-Guy,-2.03,-2.2856273
210,5,Potts-Guy,-2.51,-2.5922452
211,1,Potts-Guy,-2.88,-3.4199267011916
212,4,Potts-Guy,-1.92,-1.4656033999999993
213,5,Potts-Guy,-0.53,-1.9790094
0,3,RandomForest,-0.67,-2.624790000000005
1,5,RandomForest,-3.83,-3.6333699999999993
2,3,RandomForest,-1.78,-1.5303850000000032
3,4,RandomForest,-1.67,-1.287439999999998
4,3,RandomForest,-2.81,-3.363499999999987
5,2,RandomForest,-2.8,-3.227620000000004
6,3,RandomForest,-1.59,-1.5334799999999966
7,4,RandomForest,-1.62,-1.2739333333333334
8,4,RandomForest,-1.36,-1.2971600000000003
9,1,RandomForest,-2.985,-2.8640199999999942
10,3,RandomForest,-1.23,-1.4961900000000028
11,3,RandomForest,-1.14,-3.059850000000005
12,2,RandomForest,-3.33,-4.4203199999999905
13,4,RandomForest,-2.77,-2.881250000000014
14,5,RandomForest,-4.22,-3.0235299999999974
15,1,RandomForest,-2.14,-1.9751260000000024
16,1,RandomForest,-1.57,-1.5561466666666761
17,4,RandomForest,-1.77,-2.910710000000005
18,1,RandomForest,-3.42,-3.0242500000000034
19,2,RandomForest,-3.105,-2.9732
20,5,RandomForest,-3.15,-3.6809580000000004
21,5,RandomForest,-4.1,-3.822910000000006
22,3,RandomForest,-2.33,-3.0166599999999955
23,4,RandomForest,-1.12,-1.1909546190476226
24,2,RandomForest,-2.59,-2.7043299999999997
25,1,RandomForest,-4.18,-2.707053666666669
26,2,RandomForest,-1.21,-1.2235759999999993
27,3,RandomForest,-2.69,-2.1130183333333403
28,2,RandomForest,-2.075,-2.7422840000000104
29,2,RandomForest,-3.19,-3.5167150000000023
30,1,RandomForest,-4.3,-3.4500373333333356
31,2,RandomForest,-3.54,-3.28601999999999
32,3,RandomForest,-3.82,-2.9336700000000073
33,3,RandomForest,-4.95,-3.3738266666666656
34,4,RandomForest,-3.76,-3.2845800000000054
35,2,RandomForest,-3.87,-3.7975766666666813
36,3,RandomForest,-4.41,-3.5974499999999954
37,5,RandomForest,-1.79,-3.174189999999992
38,2,RandomForest,-2.48,-2.884982499999999
39,4,RandomForest,-3.33,-3.3253813333333353
40,4,RandomForest,-2.9,-1.8441799999999993
41,2,RandomForest,-2.92,-3.6785683333333306
42,2,RandomForest,-3.89,-3.6313700000000138
43,4,RandomForest,-3.63,-3.114485999999998
44,4,RandomForest,-3.09,-3.387608000000014
45,1,RandomForest,-1.56,-1.6614466666666712
46,3,RandomForest,-1.81,-3.0908399999999894
47,4,RandomForest,-3.725,-3.2835899999999993
48,5,RandomForest,-2.48,-3.5493400000000004
49,4,RandomForest,-3.95,-3.180394000000003
50,5,RandomForest,-2.64,-3.578583333333336
51,2,RandomForest,-3.34,-3.990334619047616
52,5,RandomForest,-1.97,-3.2547099999999998
53,4,RandomForest,-3.71,-2.4901508333333364
54,5,RandomForest,-2.18,-3.6375200000000003
55,1,RandomForest,-3.96,-1.6776499999999965
56,2,RandomForest,-3.46,-2.878006666666674
57,5,RandomForest,-2.48,-3.378653333333343
58,5,RandomForest,-2.54,-3.2360500000000045
59,4,RandomForest,-1.14,-1.1913493333333343
60,1,RandomForest,-1.22,-1.5234346666666736
61,3,RandomForest,-1.86,-1.9308100000000081
62,3,RandomForest,-2.22,-2.343090833333336
63,5,RandomForest,-2.46,-2.2137233333333413
64,4,RandomForest,-1.14,-1.7700800000000003
65,2,RandomForest,-1.435,-1.3575299999999964
66,1,RandomForest,-2.61,-2.934956523809529
67,2,RandomForest,-4.6,-2.2581860000000042
68,2,RandomForest,-2.73,-2.5326368809523814
69,1,RandomForest,-2.17,-2.6616283333333333
70,3,RandomForest,-1.11,-1.3267000000000015
71,5,RandomForest,-3.0,-2.49977333333333
72,4,RandomForest,-1.1,-1.70578
73,1,RandomForest,-1.2,-1.4644700000000008
74,5,RandomForest,-1.82,-1.6534000000000033
75,1,RandomForest,-3.7,-1.1332499999999976
76,2,RandomForest,-2.99,-3.169506666666663
77,3,RandomForest,-2.32,-2.6624816666666726
78,2,RandomForest,-2.79,-2.926040000000006
79,2,RandomForest,-2.43,-3.1328699999999925
80,4,RandomForest,-1.55,-2.2501154999999957
81,4,RandomForest,-0.69,-2.9494600000000033
82,2,RandomForest,-1.14,-1.9121410000000043
83,4,RandomForest,-1.86,-1.6504784999999937
84,1,RandomForest,-1.69,-1.8077099999999942
85,3,RandomForest,-4.23,-3.5338799999999977
86,1,RandomForest,-0.71,-1.7597726666666602
87,5,RandomForest,-1.85,-3.2051300000000094
88,5,RandomForest,-4.34,-4.35216
89,4,RandomForest,-6.0,-3.5475999999999988
90,3,RandomForest,-3.28,-3.7865
91,4,RandomForest,-4.12,-3.1229699999999987
92,5,RandomForest,-4.18,-3.7872216666666634
93,1,RandomForest,-4.635,-3.5015599999999956
94,4,RandomForest,-4.455,-3.925020000000003
95,2,RandomForest,-4.17,-3.8459099999999973
96,2,RandomForest,-3.0,-1.4833000000000032
97,1,RandomForest,-2.34,-1.6682999999999941
98,1,RandomForest,-3.64,-3.7680400000000005
99,5,RandomForest,-2.47,-2.828204333333337
100,2,RandomForest,-1.18,-2.0401095952380914
101,1,RandomForest,-1.785,-1.7857163333333466
102,5,RandomForest,-1.62,-1.7020833333333283
103,5,RandomForest,-1.44,-1.9675166666666586
104,1,RandomForest,-2.41,-2.2184776666666672
105,4,RandomForest,-4.01,-3.483848666666678
106,5,RandomForest,-3.08,-3.3629066666666496
107,5,RandomForest,-1.06,-1.8740733333333317
108,2,RandomForest,-2.05,-2.7002975000000036
109,2,RandomForest,-2.15,-1.7444752499999994
110,4,RandomForest,-3.68,-3.2885800000000027
111,1,RandomForest,-3.05,-2.7833499999999995
112,3,RandomForest,-3.44,-2.7869999999999964
113,3,RandomForest,-3.03,-3.8259690000000073
114,3,RandomForest,-2.89,-3.3096600000000054
115,3,RandomForest,-3.76,-3.5805900000000075
116,5,RandomForest,-2.63,-3.522009999999999
117,1,RandomForest,-3.1,-2.450469999999996
118,3,RandomForest,-4.24,-3.6876099999999936
119,2,RandomForest,-2.91,-3.2608299999999995
120,2,RandomForest,-2.93,-3.4447099999999926
121,5,RandomForest,-1.44,-1.4481716190476228
122,3,RandomForest,-2.53,-2.334761059523805
123,4,RandomForest,-1.57,-1.5685766666666743
124,3,RandomForest,-1.21,-1.2546900000000012
125,3,RandomForest,-1.25,-1.2546900000000012
126,2,RandomForest,-1.09,-1.505566666666668
127,2,RandomForest,-1.31,-1.5227472619047617
128,2,RandomForest,-0.69,-1.1128333333333353
129,5,RandomForest,-0.74,-1.191100000000001
130,5,RandomForest,-0.79,-1.2252600000000022
131,4,RandomForest,-0.3,-3.160569999999997
132,3,RandomForest,-4.56,-2.9995219999999985
133,4,RandomForest,-5.7,-3.471290000000005
134,4,RandomForest,-4.04,-3.3770533333333397
135,2,RandomForest,-3.43,-3.353976999999996
136,2,RandomForest,-2.45,-2.868008666666669
137,2,RandomForest,-0.77,-1.47079
138,1,RandomForest,-1.04,-0.9767466666666678
139,4,RandomForest,-0.79,-1.1015499999999991
140,3,RandomForest,-0.82,-1.2549941666666684
141,1,RandomForest,-1.0,-2.5452986666666693
142,3,RandomForest,-2.17,-2.02257897619047
143,3,RandomForest,-4.2,-3.150311166666664
144,1,RandomForest,-3.95,-3.847290000000003
145,2,RandomForest,-4.34,-3.826917952380958
146,3,RandomForest,-3.76,-3.5187771666666654
147,4,RandomForest,-4.15,-3.2749953333333357
148,1,RandomForest,-3.54,-3.777773333333344
149,5,RandomForest,-3.58,-2.8705166666666715
150,2,RandomForest,-3.18,-2.414068833333333
151,5,RandomForest,-2.66,-2.8200566666666678
152,1,RandomForest,-2.67,-2.281991535714287
153,3,RandomForest,-1.44,-1.639730000000005
154,3,RandomForest,-2.745,-2.4103676666666702
155,3,RandomForest,-3.2,-2.8618013333333208
156,4,RandomForest,-2.42,-3.623233738095241
157,5,RandomForest,-2.55,-2.7227483333333393
158,1,RandomForest,-1.53,-2.9724720238095257
159,3,RandomForest,-2.2,-2.882308833333332
160,5,RandomForest,-2.14,-2.7820843333333194
161,2,RandomForest,-3.34,-2.8794495000000166
162,3,RandomForest,-5.3,-3.5063299999999855
163,4,RandomForest,-3.87,-3.768145000000001
164,2,RandomForest,-2.99,-2.920810000000019
165,3,RandomForest,-2.58,-2.962749999999998
166,4,RandomForest,-2.72,-2.072646333333335
167,1,RandomForest,-2.79,-2.478650000000011
168,4,RandomForest,-2.72,-2.5415369999999986
169,5,RandomForest,-4.24,-2.0928899999999993
170,1,RandomForest,-2.4,-1.9909875000000052
171,1,RandomForest,-2.85,-2.5383858809523945
172,2,RandomForest,-1.96,-2.6576861428571483
173,2,RandomForest,-2.95,-2.804523333333341
174,5,RandomForest,-4.49,-3.260249999999991
175,1,RandomForest,-3.33,-3.7751700000000046
176,3,RandomForest,-1.66,-3.427178666666668
177,5,RandomForest,-3.0,-2.9841499999999965
178,1,RandomForest,-1.76,-2.2814423095238148
179,5,RandomForest,-2.59,-3.0261099999999974
180,3,RandomForest,-2.2,-2.6127788214285688
181,2,RandomForest,0.12,-1.818317714285716
182,1,RandomForest,-1.9,-1.6995449999999983
183,4,RandomForest,-1.46,-1.4404066666666708
184,1,RandomForest,-2.38,-3.780474000000012
185,2,RandomForest,-2.68,-2.8800900000000005
186,4,RandomForest,-5.59,-3.0348821666666654
187,5,RandomForest,-3.4,-3.4252733333333323
188,5,RandomForest,-1.95,-3.1409199999999995
189,4,RandomForest,-1.52,-1.8804163333333335
190,1,RandomForest,-1.27,-2.101799142857142
191,1,RandomForest,-4.1,-3.708937476190479
192,3,RandomForest,-3.64,-3.5526060238095227
193,4,RandomForest,-3.77,-3.9172023333333246
194,4,RandomForest,-2.4,-2.7871026666666685
195,1,RandomForest,-4.36,-4.063469999999998
196,5,RandomForest,-5.28,-4.326239999999988
197,1,RandomForest,-4.65,-4.396179999999991
198,4,RandomForest,-1.47,-1.7848660000000023
199,2,RandomForest,-2.87,-2.2747478571428594
200,1,RandomForest,-2.365,-3.127809999999993
201,5,RandomForest,-2.51,-3.297610642857145
202,5,RandomForest,-2.72,-2.8519799999999966
203,1,RandomForest,-3.9,-2.6748025952380905
204,3,RandomForest,-2.95,-2.5505873690476184
205,3,RandomForest,-1.2,-1.5260399999999965
206,5,RandomForest,-2.695,-2.6629927142857275
207,4,RandomForest,-2.81,-3.213083857142864
208,3,RandomForest,-1.58,-1.5260399999999965
209,1,RandomForest,-2.03,-1.4896535238095248
210,5,RandomForest,-2.51,-2.6629927142857275
211,1,RandomForest,-2.88,-2.9938300000000027
212,4,RandomForest,-1.92,-1.0932929999999965
213,5,RandomForest,-0.53,-1.6513599999999964
0,3,XGBoost,-0.67,-2.767967939376831
1,5,XGBoost,-3.83,-3.4681437015533447
2,3,XGBoost,-1.78,-1.2313425540924072
3,4,XGBoost,-1.67,-1.0259822607040405
4,3,XGBoost,-2.81,-3.029675006866455
5,2,XGBoost,-2.8,-3.3072609901428223
6,3,XGBoost,-1.59,-1.7604854106903076
7,4,XGBoost,-1.62,-0.6735898852348328
8,4,XGBoost,-1.36,-1.042398452758789
9,1,XGBoost,-2.985,-3.3476924896240234
10,3,XGBoost,-1.23,-1.1045334339141846
11,3,XGBoost,-1.14,-2.422738552093506
12,2,XGBoost,-3.33,-4.878250598907471
13,4,XGBoost,-2.77,-2.560805082321167
14,5,XGBoost,-4.22,-2.93769907951355
15,1,XGBoost,-2.14,-2.0682668685913086
16,1,XGBoost,-1.57,-1.5204696655273438
17,4,XGBoost,-1.77,-2.551177978515625
18,1,XGBoost,-3.42,-2.829897403717041
19,2,XGBoost,-3.105,-2.9001567363739014
20,5,XGBoost,-3.15,-3.601203680038452
21,5,XGBoost,-4.1,-3.8046183586120605
22,3,XGBoost,-2.33,-3.1699137687683105
23,4,XGBoost,-1.12,-1.0874533653259277
24,2,XGBoost,-2.59,-2.4373466968536377
25,1,XGBoost,-4.18,-2.3979876041412354
26,2,XGBoost,-1.21,-1.3565670251846313
27,3,XGBoost,-2.69,-1.898097276687622
28,2,XGBoost,-2.075,-2.8294625282287598
29,2,XGBoost,-3.19,-3.976710319519043
30,1,XGBoost,-4.3,-3.7424824237823486
31,2,XGBoost,-3.54,-3.1235830783843994
32,3,XGBoost,-3.82,-3.294442653656006
33,3,XGBoost,-4.95,-3.6195454597473145
34,4,XGBoost,-3.76,-3.2166152000427246
35,2,XGBoost,-3.87,-3.9971978664398193
36,3,XGBoost,-4.41,-3.9506256580352783
37,5,XGBoost,-1.79,-2.897609233856201
38,2,XGBoost,-2.48,-2.6255605220794678
39,4,XGBoost,-3.33,-3.3166520595550537
40,4,XGBoost,-2.9,-1.9603123664855957
41,2,XGBoost,-2.92,-3.877925395965576
42,2,XGBoost,-3.89,-3.7390501499176025
43,4,XGBoost,-3.63,-3.063100814819336
44,4,XGBoost,-3.09,-3.514890670776367
45,1,XGBoost,-1.56,-1.7916359901428223
46,3,XGBoost,-1.81,-3.1089084148406982
47,4,XGBoost,-3.725,-3.253171682357788
48,5,XGBoost,-2.48,-3.545604944229126
49,4,XGBoost,-3.95,-3.135352373123169
50,5,XGBoost,-2.64,-4.082818984985352
51,2,XGBoost,-3.34,-4.405027866363525
52,5,XGBoost,-1.97,-3.0256261825561523
53,4,XGBoost,-3.71,-2.238288402557373
54,5,XGBoost,-2.18,-3.7337260246276855
55,1,XGBoost,-3.96,-1.5576049089431763
56,2,XGBoost,-3.46,-2.6583588123321533
57,5,XGBoost,-2.48,-3.278630495071411
58,5,XGBoost,-2.54,-2.952738046646118
59,4,XGBoost,-1.14,-1.4899815320968628
60,1,XGBoost,-1.22,-1.8005651235580444
61,3,XGBoost,-1.86,-1.8068289756774902
62,3,XGBoost,-2.22,-2.117300271987915
63,5,XGBoost,-2.46,-2.0676238536834717
64,4,XGBoost,-1.14,-1.7325842380523682
65,2,XGBoost,-1.435,-1.2995249032974243
66,1,XGBoost,-2.61,-3.0703182220458984
67,2,XGBoost,-4.6,-2.206460475921631
68,2,XGBoost,-2.73,-2.6606082916259766
69,1,XGBoost,-2.17,-2.6133265495300293
70,3,XGBoost,-1.11,-1.5329407453536987
71,5,XGBoost,-3.0,-2.547105550765991
72,4,XGBoost,-1.1,-1.815964937210083
73,1,XGBoost,-1.2,-1.6474213600158691
74,5,XGBoost,-1.82,-1.981324553489685
75,1,XGBoost,-3.7,-1.2819963693618774
76,2,XGBoost,-2.99,-2.9466426372528076
77,3,XGBoost,-2.32,-2.6053147315979004
78,2,XGBoost,-2.79,-2.9883718490600586
79,2,XGBoost,-2.43,-2.636383056640625
80,4,XGBoost,-1.55,-2.158259868621826
81,4,XGBoost,-0.69,-2.5144197940826416
82,2,XGBoost,-1.14,-1.697584867477417
83,4,XGBoost,-1.86,-1.643626093864441
84,1,XGBoost,-1.69,-1.2710492610931396
85,3,XGBoost,-4.23,-3.6257855892181396
86,1,XGBoost,-0.71,-1.4597607851028442
87,5,XGBoost,-1.85,-3.0737295150756836
88,5,XGBoost,-4.34,-4.613757133483887
89,4,XGBoost,-6.0,-3.745407819747925
90,3,XGBoost,-3.28,-4.2574992179870605
91,4,XGBoost,-4.12,-3.0566554069519043
92,5,XGBoost,-4.18,-3.9828550815582275
93,1,XGBoost,-4.635,-3.390329360961914
94,4,XGBoost,-4.455,-4.189835071563721
95,2,XGBoost,-4.17,-3.92521595954895
96,2,XGBoost,-3.0,-1.4300282001495361
97,1,XGBoost,-2.34,-1.63953697681427
98,1,XGBoost,-3.64,-3.33243989944458
99,5,XGBoost,-2.47,-2.706061601638794
100,2,XGBoost,-1.18,-1.9981974363327026
101,1,XGBoost,-1.785,-1.8391567468643188
102,5,XGBoost,-1.62,-1.6212681531906128
103,5,XGBoost,-1.44,-1.9299360513687134
104,1,XGBoost,-2.41,-2.1716034412384033
105,4,XGBoost,-4.01,-3.420814037322998
106,5,XGBoost,-3.08,-3.461980104446411
107,5,XGBoost,-1.06,-0.8066150546073914
108,2,XGBoost,-2.05,-2.3319802284240723
109,2,XGBoost,-2.15,-1.7418392896652222
110,4,XGBoost,-3.68,-3.031128168106079
111,1,XGBoost,-3.05,-2.471982002258301
112,3,XGBoost,-3.44,-2.527723789215088
113,3,XGBoost,-3.03,-3.7353224754333496
114,3,XGBoost,-2.89,-4.133113861083984
115,3,XGBoost,-3.76,-3.885711193084717
116,5,XGBoost,-2.63,-3.5035107135772705
117,1,XGBoost,-3.1,-2.234968900680542
118,3,XGBoost,-4.24,-3.8337082862854004
119,2,XGBoost,-2.91,-3.3030240535736084
120,2,XGBoost,-2.93,-3.2040367126464844
121,5,XGBoost,-1.44,-1.5021992921829224
122,3,XGBoost,-2.53,-2.647355556488037
123,4,XGBoost,-1.57,-1.7716097831726074
124,3,XGBoost,-1.21,-1.4160423278808594
125,3,XGBoost,-1.25,-1.4160423278808594
126,2,XGBoost,-1.09,-1.446694016456604
127,2,XGBoost,-1.31,-1.4928176403045654
128,2,XGBoost,-0.69,-0.7649595737457275
129,5,XGBoost,-0.74,-0.9070312976837158
130,5,XGBoost,-0.79,-0.7763413190841675
131,4,XGBoost,-0.3,-3.440591335296631
132,3,XGBoost,-4.56,-2.8738598823547363
133,4,XGBoost,-5.7,-3.262321949005127
134,4,XGBoost,-4.04,-3.503903865814209
135,2,XGBoost,-3.43,-3.13955020904541
136,2,XGBoost,-2.45,-3.1007866859436035
137,2,XGBoost,-0.77,-1.2223821878433228
138,1,XGBoost,-1.04,-1.1300634145736694
139,4,XGBoost,-0.79,-1.1253052949905396
140,3,XGBoost,-0.82,-1.0996968746185303
141,1,XGBoost,-1.0,-2.298768997192383
142,3,XGBoost,-2.17,-1.810646891593933
143,3,XGBoost,-4.2,-3.147172689437866
144,1,XGBoost,-3.95,-3.9256179332733154
145,2,XGBoost,-4.34,-3.76133131980896
146,3,XGBoost,-3.76,-3.6909196376800537
147,4,XGBoost,-4.15,-3.0780186653137207
148,1,XGBoost,-3.54,-4.179407119750977
149,5,XGBoost,-3.58,-3.002795934677124
150,2,XGBoost,-3.18,-2.5128183364868164
151,5,XGBoost,-2.66,-2.794983386993408
152,1,XGBoost,-2.67,-2.002047061920166
153,3,XGBoost,-1.44,-1.9754921197891235
154,3,XGBoost,-2.745,-2.4583306312561035
155,3,XGBoost,-3.2,-3.1313676834106445
156,4,XGBoost,-2.42,-3.830259323120117
157,5,XGBoost,-2.55,-2.7190306186676025
158,1,XGBoost,-1.53,-2.763936758041382
159,3,XGBoost,-2.2,-2.83634614944458
160,5,XGBoost,-2.14,-2.796013355255127
161,2,XGBoost,-3.34,-2.771766424179077
162,3,XGBoost,-5.3,-3.495497703552246
163,4,XGBoost,-3.87,-3.877229690551758
164,2,XGBoost,-2.99,-2.8019354343414307
165,3,XGBoost,-2.58,-2.5602307319641113
166,4,XGBoost,-2.72,-2.0915021896362305
167,1,XGBoost,-2.79,-2.2693634033203125
168,4,XGBoost,-2.72,-2.588092088699341
169,5,XGBoost,-4.24,-1.0641266107559204
170,1,XGBoost,-2.4,-1.891034483909607
171,1,XGBoost,-2.85,-2.5777640342712402
172,2,XGBoost,-1.96,-2.4239325523376465
173,2,XGBoost,-2.95,-2.785602331161499
174,5,XGBoost,-4.49,-3.412015199661255
175,1,XGBoost,-3.33,-3.9363906383514404
176,3,XGBoost,-1.66,-3.472468137741089
177,5,XGBoost,-3.0,-3.0234780311584473
178,1,XGBoost,-1.76,-2.182650327682495
179,5,XGBoost,-2.59,-3.124781370162964
180,3,XGBoost,-2.2,-2.6553826332092285
181,2,XGBoost,0.12,-2.454629898071289
182,1,XGBoost,-1.9,-0.9875251650810242
183,4,XGBoost,-1.46,-1.2919261455535889
184,1,XGBoost,-2.38,-4.2377190589904785
185,2,XGBoost,-2.68,-2.875835657119751
186,4,XGBoost,-5.59,-2.887944459915161
187,5,XGBoost,-3.4,-3.209367036819458
188,5,XGBoost,-1.95,-2.5806307792663574
189,4,XGBoost,-1.52,-1.6930729150772095
190,1,XGBoost,-1.27,-1.7521873712539673
191,1,XGBoost,-4.1,-3.6531291007995605
192,3,XGBoost,-3.64,-3.70497989654541
193,4,XGBoost,-3.77,-3.992598056793213
194,4,XGBoost,-2.4,-2.9669487476348877
195,1,XGBoost,-4.36,-4.637235164642334
196,5,XGBoost,-5.28,-4.521350383758545
197,1,XGBoost,-4.65,-4.887176990509033
198,4,XGBoost,-1.47,-1.7387393712997437
199,2,XGBoost,-2.87,-2.428964614868164
200,1,XGBoost,-2.365,-3.7346978187561035
201,5,XGBoost,-2.51,-3.2701056003570557
202,5,XGBoost,-2.72,-2.3959884643554688
203,1,XGBoost,-3.9,-2.7092556953430176
204,3,XGBoost,-2.95,-2.551232099533081
205,3,XGBoost,-1.2,-1.417783260345459
206,5,XGBoost,-2.695,-2.6532857418060303
207,4,XGBoost,-2.81,-3.151991844177246
208,3,XGBoost,-1.58,-1.417783260345459
209,1,XGBoost,-2.03,-1.4935097694396973
210,5,XGBoost,-2.51,-2.6532857418060303
211,1,XGBoost,-2.88,-2.9543051719665527
212,4,XGBoost,-1.92,-0.9523388147354126
213,5,XGBoost,-0.53,-1.7533907890319824
