record_set,record_id,name,MW,LogP,leverage,leverage_threshold,in_leverage_domain,in_simple_MW_LogP_range
experimental_training_214,0,BrC(Br)Br,252.731,2.4547,0.10484615488885456,0.16822429906542055,True,True
experimental_training_214,1,BrC1CCC(Br)C(Br)CCC(Br)C(Br)CCC1Br,641.6999999999999,6.921600000000004,0.41297096250701504,0.16822429906542055,False,True
experimental_training_214,2,BrCc1ccccc1,171.037,2.5815,0.0368717670822803,0.16822429906542055,True,True
experimental_training_214,3,C=CC(=O)OCC(CC)CCCC,184.2789999999999,2.9320000000000013,0.048485698963484834,0.16822429906542055,True,True
experimental_training_214,4,C=CCOc1ccccc1OCC(O)CNC(C)C,265.35299999999995,1.9891,0.06831104776325776,0.16822429906542055,True,True
experimental_training_214,5,C=CCc1cc(S(=O)(=O)c2ccc(O)c(CC=C)c2)ccc1O,330.40500000000003,3.387600000000002,0.027486451968591268,0.16822429906542055,True,True
experimental_training_214,6,C=CCc1ccc(O)c(OC)c1,164.20399999999995,2.1292999999999997,0.016755458966555396,0.16822429906542055,True,True
experimental_training_214,7,CC(=O)C(Cl)(Cl)Cl,161.41500000000002,1.9456,0.03319130695278599,0.16822429906542055,True,True
experimental_training_214,8,CC(=O)C(Cl)Cl,126.97,1.3791,0.019100426212986063,0.16822429906542055,True,True
experimental_training_214,9,CC(=O)C1CCC2C3CCC4=CC(=O)CCC4(C)C3CCC12C,314.46900000000005,4.723500000000005,0.09028950934584343,0.16822429906542055,True,True
experimental_training_214,10,CC(=O)C=Cc1ccccc1,146.189,2.2888,0.021742314338887205,0.16822429906542055,True,True
experimental_training_214,11,CC(=O)Nc1ccc2c(c1)Cc1ccccc1-2,223.275,3.2162000000000015,0.029148217091075557,0.16822429906542055,True,True
experimental_training_214,12,CC(=O)Nc1ccn(C2OC(CO)C(O)C2O)c(=O)n1,285.25600000000003,-2.1867999999999994,0.0458417363134244,0.16822429906542055,True,True
experimental_training_214,13,CC(=O)OCC(=O)C12OC(C)(C)OC1CC1C3CC(F)C4=CC(=O)C=CC4(C)C3(F)C(O)CC12C,494.53100000000023,2.9376000000000015,0.09504434633889959,0.16822429906542055,True,True
experimental_training_214,14,CC(=O)OCC12CC(OC(=O)CC(C)C)C(C)=CC1OC1C(O)C(OC(C)=O)C2(C)C12CO2,466.5270000000002,1.6926999999999996,0.10560235781469127,0.16822429906542055,True,True
experimental_training_214,15,CC(=O)Oc1ccccc1C(=O)O,180.15899999999996,1.3101,0.016832180935526846,0.16822429906542055,True,True
experimental_training_214,16,CC(=O)c1ccccc1,120.15099999999995,1.8892,0.01731502778264332,0.16822429906542055,True,True
experimental_training_214,17,CC(C(=O)O)c1ccc(-c2ccccc2)c(F)c1,244.265,3.6808000000000023,0.02331960292598028,0.16822429906542055,True,True
experimental_training_214,18,CC(C(=O)O)c1ccc2c(c1)Cc1cccnc1O2,255.27299999999997,2.9662000000000006,0.024576209282786456,0.16822429906542055,True,True
experimental_training_214,19,CC(C(=O)O)c1cccc(C(=O)c2ccccc2)c1,254.285,3.1057000000000015,0.025482925112259202,0.16822429906542055,True,True
experimental_training_214,20,CC(C(=O)OCC1OC(O)C(O)C(O)C1O)c1ccc(-c2ccccc2)c(F)c1,406.4060000000001,0.9393000000000002,0.0413792296998803,0.16822429906542055,True,True
experimental_training_214,21,CC(C(=O)OCC1OC(O)C(O)C(O)C1O)c1cccc(C(=O)c2ccccc2)c1,416.42600000000016,0.3642000000000001,0.053733840473911,0.16822429906542055,True,True
experimental_training_214,22,CC(C)(C)C(=O)C(Oc1ccc(Cl)cc1)n1ccnc1,292.766,3.729300000000002,0.027659812145560073,0.16822429906542055,True,True
experimental_training_214,23,CC(C)(C)c1ccccc1O,150.22099999999998,2.6897000000000015,0.029424593686256006,0.16822429906542055,True,True
experimental_training_214,24,CC(C)(c1cc(Br)c(O)c(Br)c1)c1cc(Br)c(O)c(Br)c1,543.875,6.4737000000000045,0.215785768863579,0.16822429906542055,False,True
experimental_training_214,25,CC(C)(c1ccc(O)cc1)c1ccc(O)cc1,228.291,3.423700000000002,0.03159777657184045,0.16822429906542055,True,True
experimental_training_214,26,CC(C)=CCCC(C)=CCO,154.253,2.6714000000000016,0.03324959295041431,0.16822429906542055,True,True
experimental_training_214,27,CC(C)CCC(=O)O,116.15999999999998,1.5072,0.03023472755914229,0.16822429906542055,True,True
experimental_training_214,28,CC(C)Cc1ccc(C(C)C(=O)O)cc1,206.28499999999997,3.073200000000001,0.019453142829360896,0.16822429906542055,True,True
experimental_training_214,29,CC(C)Cc1ccc(C(C)C(=O)OCC2OC(O)C(O)C(O)C2O)cc1,368.426,0.3316999999999994,0.03975552499736746,0.16822429906542055,True,True
experimental_training_214,30,CC(C)NCC(O)COc1ccc(CC(N)=O)cc1,266.34099999999995,0.4521,0.03697991610637168,0.16822429906542055,True,True
experimental_training_214,31,CC(C)NCC(O)COc1cccc2ccccc12,259.34900000000005,2.577500000000001,0.03961427567143811,0.16822429906542055,True,True
experimental_training_214,32,CC(N)C(=O)NC(C)C(=O)N1CCCC1C(=O)NC(C(=O)O)C(C)C,356.42300000000006,-0.9452999999999958,0.09631225144077081,0.16822429906542055,True,True
experimental_training_214,33,CC(N)C(=O)NC(Cc1c[nH]c2ccccc12)C(=O)O,275.30800000000005,0.6269999999999998,0.0654257935752009,0.16822429906542055,True,True
experimental_training_214,34,CC12CCC(=O)C=C1CCC1C2C(O)CC2(C)C(C(=O)CO)CCC12,346.46700000000016,2.6667000000000005,0.061776086396881244,0.16822429906542055,True,True
experimental_training_214,35,CC12CCC(=O)C=C1CCC1C2C(O)CC2(C)C1CCC2(O)C(=O)CO,362.4660000000002,1.7815999999999996,0.062045574716160276,0.16822429906542055,True,True
experimental_training_214,36,CC12CCC(=O)C=C1CCC1C2C(O)CC2(C=O)C(C(=O)CO)CCC12,360.45000000000016,1.8456999999999997,0.05475769122819152,0.16822429906542055,True,True
experimental_training_214,37,CC12CCC(=O)C=C1CCC1C2CCC2(C)C(O)CCC12,288.43100000000004,3.879200000000002,0.08642392703719771,0.16822429906542055,True,True
experimental_training_214,38,CC12CCC3c4ccc(O)cc4CCC3C1CCC2O,272.3879999999999,3.609200000000002,0.06980822085607738,0.16822429906542055,True,True
experimental_training_214,39,CC1=C2C(=COC(C)C2C)C(=O)C(C(=O)O)=C1O,250.24999999999991,1.721,0.04048949251271357,0.16822429906542055,True,True
experimental_training_214,40,CC1=CC(=O)C(C(C)C)=CC1=O,164.20399999999998,1.6669,0.02847103802808114,0.16822429906542055,True,True
experimental_training_214,41,CC1CC(=O)NN=C1c1ccc(NN=C(C#N)C#N)cc1,280.291,1.36176,0.04878640167030016,0.16822429906542055,True,True
experimental_training_214,42,CC1CC2C3CCC4=CC(=O)C=CC4(C)C3(F)C(O)CC2(C)C1(O)C(=O)CO,392.4670000000002,1.8957,0.061443034488428305,0.16822429906542055,True,True
experimental_training_214,43,CC1CCCC(=O)CCCC=Cc2cc(O)cc(O)c2C(=O)O1,318.3690000000001,3.5796000000000032,0.13681172125383786,0.16822429906542055,True,True
experimental_training_214,44,CC1Cc2c(Cl)cc(C(=O)NC(Cc3ccccc3)C(=O)O)c(O)c2C(=O)O1,403.81800000000015,2.5727000000000007,0.03217823301707775,0.16822429906542055,True,True
experimental_training_214,45,CC=Cc1ccc(O)c(OC)c1,164.20399999999998,2.4339000000000004,0.015143577138815008,0.16822429906542055,True,True
experimental_training_214,46,CCC(=O)N(c1ccccc1)C1(COC)CCN(CCc2cccs2)CC1,386.56100000000015,4.214800000000004,0.06678786067310685,0.16822429906542055,True,True
experimental_training_214,47,CCC(=O)N(c1ccccc1)C1CCN(CCc2ccccc2)CC1,336.47900000000004,4.136700000000004,0.053150753943575005,0.16822429906542055,True,True
experimental_training_214,48,CCC(=O)OCC(=O)C1(O)CCC2C3CCC4=CC(=O)CCC4(C)C3C(O)CC21C,418.53000000000026,2.7425000000000006,0.06480001882752859,0.16822429906542055,True,True
experimental_training_214,49,CCC1(CC)C(=O)NC(=O)NC1=O,184.195,0.1587999999999999,0.01936547596504353,0.16822429906542055,True,True
experimental_training_214,50,CCC1(CCC(C)C)C(=O)NC(=O)NC1=O,226.276,1.1849999999999998,0.020807064130502435,0.16822429906542055,True,True
experimental_training_214,51,CCC1(c2ccccc2)C(=O)NC(=O)NC1=O,232.23899999999995,0.7004,0.01814426633894649,0.16822429906542055,True,True
experimental_training_214,52,CCCCC(=O)OC1(C(=O)CO)C(C)CC2C3CCC4=CC(=O)C=CC4(C)C3(F)C(O)CC21C,476.58500000000026,3.6368000000000023,0.07317361262702822,0.16822429906542055,True,True
experimental_training_214,53,CCCCC1(CC)C(=O)NC(=O)NC1=O,212.249,0.9389999999999998,0.018916081396991476,0.16822429906542055,True,True
experimental_training_214,54,CCCCCC(=O)Nc1ccn(C2OC(CO)C(O)C2O)c(=O)n1,341.3640000000001,-0.6263999999999996,0.028214451643208273,0.16822429906542055,True,True
experimental_training_214,55,CCCCCC=CC=CC(=O)NCC(C)C,223.35999999999996,3.4513000000000016,0.057850766736549174,0.16822429906542055,True,True
experimental_training_214,56,CCCCCCC(N)C(=O)N(C)C(C)C(=O)NC(C)C(=O)N1CCCC1C(=O)NC(C(=O)O)C(C)C,511.6640000000004,0.8521000000000056,0.1636854248065572,0.16822429906542055,True,True
experimental_training_214,57,CCCCCCCCC(N)C(=O)N(C)C(C)C(=O)NC(C)C(=O)N1CCCC1C(=O)NC(C(=O)O)C(C)C,539.7180000000002,1.6323000000000052,0.18059419990702388,0.16822429906542055,False,True
experimental_training_214,58,CCCCCCCCCCC(N)C(=O)N(C)C(C)C(=O)NC(C)C(=O)N1CCCC1C(=O)NC(C(=O)O)C(C)C,567.7720000000003,2.412500000000006,0.20904913631992972,0.16822429906542055,False,True
experimental_training_214,59,CCCCCCCCCCO,158.285,3.119400000000002,0.08249674450982092,0.16822429906542055,True,True
experimental_training_214,60,CCCCCCCCO,130.23100000000002,2.3392000000000013,0.05618055399373147,0.16822429906542055,True,True
experimental_training_214,61,CCCCCCO,102.177,1.559,0.041777797919335065,0.16822429906542055,True,True
experimental_training_214,62,CCCCCO,88.14999999999999,1.1689,0.03904395779777186,0.16822429906542055,True,True
experimental_training_214,63,CCCCO,74.12299999999999,0.7787999999999999,0.039288476286631936,0.16822429906542055,True,True
experimental_training_214,64,CCCCOC(=O)c1ccc(N)cc1,193.246,2.2257,0.015094209812410705,0.16822429906542055,True,True
experimental_training_214,65,CCCCOC(=O)c1ccc(O)cc1,194.23,2.349100000000001,0.01807146349496612,0.16822429906542055,True,True
experimental_training_214,66,CCCCOC(C)O,118.17599999999996,1.1414,0.03557686657789388,0.16822429906542055,True,True
experimental_training_214,67,CCCCOCC(C)O,132.203,1.1839,0.03609020214618741,0.16822429906542055,True,True
experimental_training_214,68,CCCCOCCO,118.176,0.7953999999999999,0.0397035371446862,0.16822429906542055,True,True
experimental_training_214,69,CCCCOCCOCCO,162.22899999999998,0.812,0.06781968474505101,0.16822429906542055,True,True
experimental_training_214,70,CCCCc1ccc(O)cc1,150.22099999999998,2.734800000000001,0.0183679495434915,0.16822429906542055,True,True
experimental_training_214,71,CCCO,60.096,0.3887,0.04251135338591532,0.16822429906542055,True,True
experimental_training_214,72,CCCOC(=O)c1ccc(N)cc1,179.21899999999997,1.8356,0.012149870853721672,0.16822429906542055,True,True
experimental_training_214,73,CCCOC(=O)c1ccc(O)cc1,180.20299999999995,1.959,0.014006260939882557,0.16822429906542055,True,True
experimental_training_214,74,CCCOc1ccc(O)cc1,152.19299999999998,2.181,0.016169640973349355,0.16822429906542055,True,True
experimental_training_214,75,CCN(CC)C(=O)c1cccc(C)c1,191.274,2.4770200000000004,0.022805572644887827,0.16822429906542055,True,True
experimental_training_214,76,CCN(CC)CC(=O)Nc1c(C)cccc1C,234.343,2.5837400000000006,0.028417786810538134,0.16822429906542055,True,True
experimental_training_214,77,CCNc1nc(Cl)nc(NCC)n1,201.661,1.3885999999999998,0.04703592192370849,0.16822429906542055,True,True
experimental_training_214,78,CCO,46.069,-0.0014,0.04871258909562189,0.16822429906542055,True,True
experimental_training_214,79,CCOC(=O)C1(c2ccccc2)CCN(C)CC1,247.3379999999999,2.2131,0.026810874701673617,0.16822429906542055,True,True
experimental_training_214,80,CCOC(=O)C=CC(=O)OCC,172.17999999999995,0.6688,0.046401196370328815,0.16822429906542055,True,True
experimental_training_214,81,CCOC(=O)CC(SP(=S)(OC)OC)C(=O)OCC,330.3640000000001,2.1218000000000004,0.17679122821834667,0.16822429906542055,False,True
experimental_training_214,82,CCOC(=O)c1ccc(N)cc1,165.19199999999998,1.4455,0.012093346844654648,0.16822429906542055,True,True
experimental_training_214,83,CCOC(=O)c1ccc(O)cc1,166.176,1.5689,0.012980251188701155,0.16822429906542055,True,True
experimental_training_214,84,CCOC(=O)c1ccccc1C(=O)OCC,222.23999999999995,2.04,0.033977029557187406,0.16822429906542055,True,True
experimental_training_214,85,CCOCCO,90.122,0.0152,0.0357838589796245,0.16822429906542055,True,True
experimental_training_214,86,CCOc1ccc2ccc(=O)oc2c1,190.19799999999995,2.1917,0.02835911791878023,0.16822429906542055,True,True
experimental_training_214,87,CN(C)C(=S)SSC(=S)N(C)C,240.444,2.0608,0.3188726986440449,0.16822429906542055,False,True
experimental_training_214,88,CN(C)CCCN1c2ccccc2Sc2ccc(Cl)cc21,318.8730000000001,4.894400000000004,0.061451811004145526,0.16822429906542055,True,True
experimental_training_214,89,CN(CC=CC#CC(C)(C)C)Cc1cccc2ccccc12,291.438,4.877300000000004,0.07264735836867589,0.16822429906542055,True,True
experimental_training_214,90,CN(Cc1cnc2nc(N)nc(N)c2n1)c1ccc(C(=O)NC(CCC(=O)O)C(=O)O)cc1,454.44700000000023,0.2684000000000012,0.13771361096676504,0.16822429906542055,True,True
experimental_training_214,91,CN1C2CCC1CC(OC(=O)C(CO)c1ccccc1)C2,289.37500000000006,1.9308999999999996,0.022516435413711136,0.16822429906542055,True,True
experimental_training_214,92,CN1CCC23c4c5ccc(O)c4OC2C(=O)CCC3(O)C1C5,301.342,0.7451999999999999,0.05907224749992105,0.16822429906542055,True,True
experimental_training_214,93,CN1CCC23c4c5ccc(O)c4OC2C(=O)CCC3C1C5,285.34299999999996,1.6303,0.061092486485520035,0.16822429906542055,True,True
experimental_training_214,94,CN1CCC23c4c5ccc(O)c4OC2C(O)C=CC3C1C5,285.343,1.1981,0.0689894123841209,0.16822429906542055,True,True
experimental_training_214,95,CN1CCC23c4c5ccc(O)c4OC2C(O)CCC3C1C5,287.359,1.4221,0.06725374522047138,0.16822429906542055,True,True
experimental_training_214,96,CN1CCCC1c1cccnc1,162.236,1.8483,0.01832307372853103,0.16822429906542055,True,True
experimental_training_214,97,CNC(=O)Oc1ccccc1OC(C)C,209.245,2.192,0.011692403151858705,0.16822429906542055,True,True
experimental_training_214,98,CNCCC=C1c2ccccc2CCc2ccccc21,263.38399999999996,3.826400000000003,0.04544514067363121,0.16822429906542055,True,True
experimental_training_214,99,COC(=O)Nc1nc2ccccc2[nH]1,191.19000000000003,1.7411999999999996,0.02920220580608444,0.16822429906542055,True,True
experimental_training_214,100,COC(=O)c1ccc(N)cc1,151.16500000000002,1.0554,0.015454363541801588,0.16822429906542055,True,True
experimental_training_214,101,COC(=O)c1ccc(O)cc1,152.149,1.1788,0.015579926693368891,0.16822429906542055,True,True
experimental_training_214,102,COC(=O)c1ccccc1C(=O)OC,194.18599999999995,1.2597999999999998,0.03699948457315433,0.16822429906542055,True,True
experimental_training_214,103,COC(=O)c1ccccc1O,152.14899999999997,1.1787999999999998,0.015579926693368907,0.16822429906542055,True,True
experimental_training_214,104,COC(=O)c1cccnc1,137.138,0.8681999999999999,0.02693015393752522,0.16822429906542055,True,True
experimental_training_214,105,COCC(C)O,90.122,0.0136000000000001,0.03576473503672319,0.16822429906542055,True,True
experimental_training_214,106,COCCc1ccc(OCC(O)CNC(C)C)cc1,267.36899999999997,1.6132,0.06421416139822705,0.16822429906542055,True,True
experimental_training_214,107,COP(=O)(OC)OC=C(Cl)Cl,220.976,2.680400000000001,0.0744898090578562,0.16822429906542055,True,True
experimental_training_214,108,COS(C)(=O)=O,110.134,-0.4075999999999999,0.059256649952400965,0.16822429906542055,True,True
experimental_training_214,109,COc1cc(C=O)ccc1O,152.14899999999997,1.2132999999999998,0.017438299385725813,0.16822429906542055,True,True
experimental_training_214,110,COc1cc2c(c3oc(=O)c4c(c13)CCC4=O)C1C=COC1O2,312.277,2.2764999999999995,0.08726849260913362,0.16822429906542055,True,True
experimental_training_214,111,COc1ccc(Cc2nccc3cc(OC)c(OC)cc23)cc1OC,339.3910000000001,3.860000000000003,0.0726152159660839,0.16822429906542055,True,True
experimental_training_214,112,COc1ccc2c(c1)c(CC(=O)O)c(C)n2C(=O)c1ccc(Cl)cc1,357.793,3.9273200000000026,0.05530825069098945,0.16822429906542055,True,True
experimental_training_214,113,COc1ccc2c3c1OC1C(=O)CCC4(O)C(C2)N(C)CCC314,315.3690000000001,1.0481999999999998,0.06401223355337027,0.16822429906542055,True,True
experimental_training_214,114,COc1ccc2c3c1OC1C(=O)CCC4C(C2)N(C)CCC314,299.37000000000006,1.9333,0.07123733601119306,0.16822429906542055,True,True
experimental_training_214,115,COc1ccc2c3c1OC1C(O)C=CC4C(C2)N(C)CCC341,299.3700000000001,1.5011,0.07224611027121756,0.16822429906542055,True,True
experimental_training_214,116,COc1ccc2c3c1OC1C(O)CCC4C(C2)N(C)CCC341,301.3860000000001,1.7251,0.06695501355609446,0.16822429906542055,True,True
experimental_training_214,117,COc1ccc2cc(C(C)C(=O)O)ccc2c1,230.263,3.036500000000001,0.01829184687450079,0.16822429906542055,True,True
experimental_training_214,118,COc1ccc2cc(C(C)C(=O)OCC3OC(O)C(O)C(O)C3O)ccc2c1,392.404,0.2949999999999995,0.052264602609507466,0.16822429906542055,True,True
experimental_training_214,119,COc1ccccc1N=Nc1c(O)ccc2ccc([N+](C)(C)C)cc12,336.4150000000001,5.166100000000005,0.0770090105572553,0.16822429906542055,True,True
experimental_training_214,120,Cc1c(N(C)C)c(=O)n(-c2ccccc2)n1C,231.29900000000004,1.55042,0.0786522775177966,0.16822429906542055,True,True
experimental_training_214,121,Cc1c(O)cccc1Cl,142.58499999999998,2.35402,0.015786818418677375,0.16822429906542055,True,True
experimental_training_214,122,Cc1cc(N)ccc1N,122.171,1.15942,0.024791508492242903,0.16822429906542055,True,True
experimental_training_214,123,Cc1ccc(C#N)cc1,117.151,1.8667,0.018213904426352397,0.16822429906542055,True,True
experimental_training_214,124,Cc1ccc(C(C)C)c(O)c1,150.221,2.824020000000001,0.020749897547646928,0.16822429906542055,True,True
experimental_training_214,125,Cc1ccc(C(C)C)cc1O,150.221,2.8240200000000013,0.020749897547646928,0.16822429906542055,True,True
experimental_training_214,126,Cc1ccc(Cl)c(O)c1C,156.61200000000002,2.662440000000001,0.017742027720304324,0.16822429906542055,True,True
experimental_training_214,127,Cc1ccc2oc(=O)ccc2c1,160.172,2.10142,0.02580988603915659,0.16822429906542055,True,True
experimental_training_214,128,ClC(Br)Br,208.28,2.2986000000000004,0.0650747561067957,0.16822429906542055,True,True
experimental_training_214,129,ClC(Cl)Br,163.829,2.1425,0.047288082931965396,0.16822429906542055,True,True
experimental_training_214,130,ClC(Cl)Cl,119.378,1.9864,0.051486135364363625,0.16822429906542055,True,True
experimental_training_214,131,Clc1ccc(COC(Cn2ccnc2)c2ccc(Cl)cc2Cl)c(Cl)c1,416.1350000000001,6.454800000000002,0.08428570067929088,0.16822429906542055,True,True
experimental_training_214,132,Clc1cccc(Cl)c1NC1=NCCN1,230.098,2.3644999999999996,0.05229334803196969,0.16822429906542055,True,True
experimental_training_214,133,Clc1ccccc1C(c1ccccc1)(c1ccccc1)n1ccnc1,344.845,5.376700000000004,0.10019997700216729,0.16822429906542055,True,True
experimental_training_214,134,Cn1c(=O)c2[nH]cnc2n(C)c1=O,180.16699999999997,-1.0397000000000003,0.10628716900474357,0.16822429906542055,True,True
experimental_training_214,135,Cn1c(=O)c2c(ncn2C)n(C)c1=O,194.194,-1.0293,0.15687664978984342,0.16822429906542055,True,True
experimental_training_214,136,Cn1c(N)nc2c3cccnc3ccc21,198.229,1.7037,0.06346675326129596,0.16822429906542055,True,True
experimental_training_214,137,N#CC(Br)Br,198.845,1.62588,0.058522110763977925,0.16822429906542055,True,True
experimental_training_214,138,N#CC(Cl)(Cl)Cl,144.388,1.88018,0.026547854234967142,0.16822429906542055,True,True
experimental_training_214,139,N#CC(Cl)Br,154.394,1.46978,0.02842154145430648,0.16822429906542055,True,True
experimental_training_214,140,N#CC(Cl)Cl,109.943,1.31368,0.02030569775186354,0.16822429906542055,True,True
experimental_training_214,141,N#CCCl,75.49799999999999,0.74878,0.01970440598821466,0.16822429906542055,True,True
experimental_training_214,142,N#Cc1ccc(O)cc1,119.12299999999996,1.26388,0.018222252549820444,0.16822429906542055,True,True
experimental_training_214,143,NC(=O)c1cccnc1,122.12699999999997,0.1805000000000001,0.027742827172657504,0.16822429906542055,True,True
experimental_training_214,144,NC(CC(=O)O)C(=O)O,133.10299999999998,-1.127,0.03881742803203327,0.16822429906542055,True,True
experimental_training_214,145,NC(Cc1c[nH]cn1)C(=O)O,155.15699999999998,-0.6359000000000001,0.0309950916492649,0.16822429906542055,True,True
experimental_training_214,146,NC(N)=O,60.056,-0.9762000000000002,0.06122860398410835,0.16822429906542055,True,True
experimental_training_214,147,NCC(=O)CCC(=O)O,131.131,-0.6210000000000004,0.026973695620039286,0.16822429906542055,True,True
experimental_training_214,148,NCCCCC(N)C(=O)O,146.19,-0.4726999999999995,0.03955532940594039,0.16822429906542055,True,True
experimental_training_214,149,NCCO,61.084,-1.0626000000000002,0.04916109483895803,0.16822429906542055,True,True
experimental_training_214,150,Nc1cc([N+](=O)[O-])ccc1O,154.125,0.8825999999999998,0.03659039898190413,0.16822429906542055,True,True
experimental_training_214,151,Nc1ccc(Cc2ccc(N)cc2)cc1,198.269,2.4418000000000006,0.025526036006436145,0.16822429906542055,True,True
experimental_training_214,152,Nc1ccc(Cl)c(N)c1,142.58900000000003,1.5044,0.024993392966275414,0.16822429906542055,True,True
experimental_training_214,153,Nc1ccc(Cl)cc1,127.574,1.9222,0.018771093485262076,0.16822429906542055,True,True
experimental_training_214,154,Nc1ccc(N)c([N+](=O)[O-])c1,153.14100000000002,0.7592000000000001,0.04237278309992387,0.16822429906542055,True,True
experimental_training_214,155,Nc1ccc(N)cc1,108.144,0.8510000000000002,0.02283560341581437,0.16822429906542055,True,True
experimental_training_214,156,Nc1ccc(NCCO)c([N+](=O)[O-])c1,197.194,0.5811999999999999,0.02752984553986761,0.16822429906542055,True,True
experimental_training_214,157,Nc1ccc(O)c([N+](=O)[O-])c1,154.125,0.8825999999999998,0.03659039898190413,0.16822429906542055,True,True
experimental_training_214,158,Nc1ccc(O)cc1,109.128,0.9744,0.021874129041016092,0.16822429906542055,True,True
experimental_training_214,159,Nc1ccc(O)cc1[N+](=O)[O-],154.125,0.8825999999999998,0.03659039898190413,0.16822429906542055,True,True
experimental_training_214,160,Nc1ccc([N+](=O)[O-])cc1N,153.141,0.7592000000000001,0.04237278309992391,0.16822429906542055,True,True
experimental_training_214,161,Nc1ccccc1N,108.144,0.851,0.02283560341581437,0.16822429906542055,True,True
experimental_training_214,162,Nc1ccn(C2OC(CO)C(O)C2O)c(=O)n1,243.219,-2.563,0.047507975584074325,0.16822429906542055,True,True
experimental_training_214,163,Nc1nc(=O)c2ncn(COCCO)c2[nH]1,225.20799999999997,-1.3318000000000003,0.05401067139599423,0.16822429906542055,True,True
experimental_training_214,164,O,18.015,-0.8247,0.0824291739940153,0.16822429906542055,True,True
experimental_training_214,165,O=C(O)C(Br)Br,217.844,1.1869,0.058263176983404226,0.16822429906542055,True,True
experimental_training_214,166,O=C(O)C(Cl)(Cl)Cl,163.387,1.4412,0.033326498919102394,0.16822429906542055,True,True
experimental_training_214,167,O=C(O)C(Cl)Br,173.393,1.0308,0.02824274031640834,0.16822429906542055,True,True
experimental_training_214,168,O=C(O)C(Cl)Cl,128.942,0.8747,0.02020702925664108,0.16822429906542055,True,True
experimental_training_214,169,O=C(O)C(F)(F)C(F)(F)C(F)(F)C(F)(F)C(F)(F)C(F)(F)C(F)(F)F,414.064,4.4451,0.498384040768254,0.16822429906542055,False,True
experimental_training_214,170,O=C(O)C=Cc1ccccc1,148.161,1.7844,0.022493835695343162,0.16822429906542055,True,True
experimental_training_214,171,O=C(O)CBr,138.948,0.4659,0.028188174999763532,0.16822429906542055,True,True
experimental_training_214,172,O=C(O)CCCCl,122.55100000000002,1.09,0.022712063539225006,0.16822429906542055,True,True
experimental_training_214,173,O=C(O)CCl,94.497,0.3098,0.018317138392532233,0.16822429906542055,True,True
experimental_training_214,174,O=C(O)CN(CC(=O)O)Cc1cc2c(cc1O)Oc1cc(O)c(CN(CC(=O)O)CC(=O)O)cc1C21OC(=O)c2ccccc21,622.5390000000003,1.6082,0.18149756530165756,0.16822429906542055,False,True
experimental_training_214,175,O=C(O)CNCP(=O)(O)O,169.073,-1.2042000000000002,0.05693857632643199,0.16822429906542055,True,True
experimental_training_214,176,O=C(O)CS,92.119,0.0008,0.024525940260400156,0.16822429906542055,True,True
experimental_training_214,177,O=C(O)Cc1ccccc1Nc1c(Cl)cccc1Cl,296.153,4.364100000000001,0.04023998368478143,0.16822429906542055,True,True
experimental_training_214,178,O=C(O)c1ccccc1,122.12299999999996,1.3848,0.021417746523604304,0.16822429906542055,True,True
experimental_training_214,179,O=C(O)c1ccccc1Nc1cccc(C(F)(F)F)c1,281.23299999999995,4.1472000000000016,0.05351937130945955,0.16822429906542055,True,True
experimental_training_214,180,O=C(O)c1ccccc1O,138.122,1.0903999999999998,0.0210078825583446,0.16822429906542055,True,True
experimental_training_214,181,O=C(c1ccccc1)c1ccccc1,182.222,2.917600000000001,0.028024695640096308,0.16822429906542055,True,True
experimental_training_214,182,O=C=Nc1ccc(Br)cc1,198.019,2.4164000000000003,0.03750293957591715,0.16822429906542055,True,True
experimental_training_214,183,O=CC=Cc1ccccc1,132.16199999999998,1.8987,0.031706206183054336,0.16822429906542055,True,True
experimental_training_214,184,O=NN(CCO)CCO,134.13500000000002,-1.0456,0.038145416068600606,0.16822429906542055,True,True
experimental_training_214,185,O=P1(N(CCCl)CCCl)NCCCO1,261.089,1.884,0.057931846140856176,0.16822429906542055,True,True
experimental_training_214,186,O=S(=O)(c1ccc(O)cc1)c1ccc(O)cc1,250.275,1.9305999999999996,0.022280940567343102,0.16822429906542055,True,True
experimental_training_214,187,O=[N+]([O-])OC1COC2C(O)COC12,191.139,-1.2782000000000002,0.07138858506137592,0.16822429906542055,True,True
experimental_training_214,188,O=[N+]([O-])OC1COC2C(O[N+](=O)[O-])COC12,236.13599999999997,-1.0621999999999998,0.17452893987024948,0.16822429906542055,False,True
experimental_training_214,189,O=[N+]([O-])c1ccc(Cl)c([N+](=O)[O-])c1,202.55299999999997,2.1564000000000005,0.08155259896467262,0.16822429906542055,True,True
experimental_training_214,190,O=[N+]([O-])c1ccccc1,123.11099999999996,1.5948,0.02600996087971853,0.16822429906542055,True,True
experimental_training_214,191,O=c1[nH]cc(F)c(=O)[nH]1,130.078,-0.7977000000000001,0.04601918269916818,0.16822429906542055,True,True
experimental_training_214,192,OB(O)O,61.83300000000001,-2.0518,0.07472085074478095,0.16822429906542055,True,True
experimental_training_214,193,OB1OB2OB(O)OB(O1)O2,157.25699999999998,-2.9792000000000005,0.24747300441400702,0.16822429906542055,False,True
experimental_training_214,194,OC(O)C(Cl)(Cl)Cl,165.403,0.6672999999999998,0.060820362936798995,0.16822429906542055,True,True
experimental_training_214,195,OCC(O)C(O)C(O)C(O)CO,182.172,-3.5854000000000004,0.09608717702759545,0.16822429906542055,True,True
experimental_training_214,196,OCC1OC(OC2(CO)OC(CO)C(O)C2O)C(O)C(O)C1O,342.297,-5.395599999999993,0.15580243688305837,0.16822429906542055,True,True
experimental_training_214,197,OCC1OC(OCC2OC(OC3(CO)OC(CO)C(O)C3O)C(O)C(O)C2O)C(O)C(O)C1O,504.4380000000001,-7.571399999999989,0.3164649372763544,0.16822429906542055,False,True
experimental_training_214,198,OCC=Cc1ccccc1,134.178,1.6921,0.023645755974152173,0.16822429906542055,True,True
experimental_training_214,199,OCCOc1ccccc1,138.16599999999997,1.0577,0.025014363478426737,0.16822429906542055,True,True
experimental_training_214,200,Oc1cc(Cl)ccc1Oc1ccc(Cl)cc1Cl,289.54499999999996,5.144700000000002,0.05097414059777809,0.16822429906542055,True,True
experimental_training_214,201,Oc1cc(O)cc(O)c1,126.11099999999996,0.8033999999999999,0.04038420332880011,0.16822429906542055,True,True
experimental_training_214,202,Oc1ccc(C(c2ccc(O)cc2)(C(F)(F)F)C(F)(F)F)cc1,336.23099999999994,4.5085000000000015,0.08987694964142896,0.16822429906542055,True,True
experimental_training_214,203,Oc1ccc(O)c(O)c1,126.11099999999998,0.8033999999999999,0.04038420332880009,0.16822429906542055,True,True
experimental_training_214,204,Oc1ccc(O)cc1,110.11199999999998,1.0978,0.025963457860087094,0.16822429906542055,True,True
experimental_training_214,205,Oc1ccc2ccccc2c1,144.17299999999997,2.5454,0.02265625179135853,0.16822429906542055,True,True
experimental_training_214,206,Oc1cccc(O)c1,110.11199999999998,1.0978,0.02596345786008709,0.16822429906542055,True,True
experimental_training_214,207,Oc1cccc(O)c1O,126.11099999999998,0.8033999999999997,0.040384203328800085,0.16822429906542055,True,True
experimental_training_214,208,Oc1cccc2ccccc12,144.17299999999997,2.5454000000000008,0.022656251791358537,0.16822429906542055,True,True
experimental_training_214,209,Oc1ccccc1,94.113,1.3922,0.022915537082962407,0.16822429906542055,True,True
experimental_training_214,210,Oc1ccccc1O,110.11199999999998,1.0978,0.02596345786008709,0.16822429906542055,True,True
experimental_training_214,211,[3H]O[3H],22.031098556,-0.8247,0.08481612319765883,0.16822429906542055,True,True
experimental_training_214,212,c1ccc2ccccc2c1,128.17399999999995,2.839800000000001,0.028436687278707677,0.16822429906542055,True,True
experimental_training_214,213,c1ccccc1,78.11399999999999,1.6866,0.031240440997425803,0.16822429906542055,True,True
cosmetic_48,0,Niacinamide,122.12699999999998,0.1805,0.027742827172657508,0.16822429906542055,True,True
cosmetic_48,1,Arbutin,272.253,-1.4291000000000005,0.05152009448349945,0.16822429906542055,True,True
cosmetic_48,2,Alpha-Arbutin,272.253,-1.4291000000000005,0.05152009448349945,0.16822429906542055,True,True
cosmetic_48,3,Tranexamic acid,157.21300000000002,0.8361000000000001,0.03870927239981294,0.16822429906542055,True,True
cosmetic_48,4,Kojic acid,142.11,-0.1623,0.02105159320688942,0.16822429906542055,True,True
cosmetic_48,5,Ellagic acid,302.19399999999996,1.3128,0.208451833610946,0.16822429906542055,False,True
cosmetic_48,6,Glutathione,307.32800000000003,-2.2060999999999984,0.087464577081424,0.16822429906542055,True,True
cosmetic_48,7,Resveratrol,228.247,2.973800000000002,0.045046115194147626,0.16822429906542055,True,True
cosmetic_48,8,Retinol,286.45900000000006,5.510300000000006,0.11426652639315532,0.16822429906542055,True,True
cosmetic_48,9,Retinaldehyde,284.44300000000004,5.716900000000005,0.10609424985789521,0.16822429906542055,True,True
cosmetic_48,10,Retinyl palmitate,524.8740000000004,11.542499999999986,0.5091442804591536,0.16822429906542055,False,False
cosmetic_48,11,Adapalene,412.5290000000003,6.681400000000005,0.19677918240432157,0.16822429906542055,False,True
cosmetic_48,12,Bakuchiol,256.389,5.344100000000005,0.06318223657123641,0.16822429906542055,True,True
cosmetic_48,13,Ascorbic acid,176.124,-1.4073999999999995,0.04630905551041612,0.16822429906542055,True,True
cosmetic_48,14,Ascorbyl palmitate,414.5390000000001,4.624800000000003,0.32872275316794247,0.16822429906542055,False,True
cosmetic_48,15,Magnesium ascorbyl phosphate,579.0730000000001,-9.778000000000006,0.7935811489012344,0.16822429906542055,False,False
cosmetic_48,16,Sodium ascorbyl phosphate,322.049,-13.305800000000003,1.4725486865577408,0.16822429906542055,False,False
cosmetic_48,17,3-O-Ethyl ascorbic acid,204.178,-0.9288999999999998,0.0357588858158378,0.16822429906542055,True,True
cosmetic_48,18,Ferulic acid,194.186,1.4986,0.014566305963099395,0.16822429906542055,True,True
cosmetic_48,19,Alpha-tocopherol,430.7170000000002,8.840260000000002,0.19885893122972564,0.16822429906542055,False,False
cosmetic_48,20,Idebenone,338.44400000000013,3.462300000000003,0.12735588911762677,0.16822429906542055,True,True
cosmetic_48,21,Coenzyme Q10,863.3649999999994,17.853899999999975,1.3153173029746335,0.16822429906542055,False,False
cosmetic_48,22,Glycerin,92.09399999999998,-1.6681,0.04991146246020952,0.16822429906542055,True,True
cosmetic_48,23,Panthenol,205.25399999999996,-1.1355999999999995,0.0427368559656041,0.16822429906542055,True,True
cosmetic_48,24,Urea,60.05599999999999,-0.9762,0.061228603984108294,0.16822429906542055,True,True
cosmetic_48,25,Betaine,117.14799999999998,-1.5574999999999983,0.08644811381733812,0.16822429906542055,True,True
cosmetic_48,26,Trehalose,342.297,-5.3971999999999944,0.1599219242368563,0.16822429906542055,True,True
cosmetic_48,27,Sorbitol,182.172,-3.585399999999998,0.09608717702759538,0.16822429906542055,True,True
cosmetic_48,28,Propylene glycol,76.095,-0.6405,0.045244747327255,0.16822429906542055,True,True
cosmetic_48,29,"1,2-Hexanediol",118.17599999999996,0.5297999999999998,0.03794039146036311,0.16822429906542055,True,True
cosmetic_48,30,Ceramide NP,581.9670000000004,9.314,1.0315284895021153,0.16822429906542055,False,False
cosmetic_48,31,Squalane,422.8260000000003,11.08439999999999,0.5354970172055684,0.16822429906542055,False,False
cosmetic_48,32,Cholesterol,386.66400000000016,7.38870000000001,0.17433528452359145,0.16822429906542055,False,False
cosmetic_48,33,Linoleic acid,280.4519999999999,5.884500000000005,0.21311656992775468,0.16822429906542055,False,True
cosmetic_48,34,Allantoin,158.117,-2.1798,0.08597220204027939,0.16822429906542055,True,True
cosmetic_48,35,Bisabolol,222.372,4.230200000000004,0.057307785449402224,0.16822429906542055,True,True
cosmetic_48,36,Madecassoside,975.1320000000007,-2.0619999999999896,0.5848681673541749,0.16822429906542055,False,False
cosmetic_48,37,Azelaic acid,188.22299999999996,1.8863,0.07967523511476247,0.16822429906542055,True,True
cosmetic_48,38,Salicylic acid,138.122,1.0903999999999998,0.021007882558344623,0.16822429906542055,True,True
cosmetic_48,39,Glycolic acid,76.051,-0.9367,0.021601763857778362,0.16822429906542055,True,True
cosmetic_48,40,Lactic acid,90.078,-0.5482,0.02292577523137389,0.16822429906542055,True,True
cosmetic_48,41,Mandelic acid,152.14899999999997,0.8046,0.01737590466906879,0.16822429906542055,True,True
cosmetic_48,42,Menthol,156.26899999999998,2.4395000000000007,0.05270121873598415,0.16822429906542055,True,True
cosmetic_48,43,Oleic acid,282.4679999999999,6.1085000000000065,0.2545879461585842,0.16822429906542055,False,True
cosmetic_48,44,Limonene,136.238,3.308900000000002,0.03525982185040447,0.16822429906542055,True,True
cosmetic_48,45,Ethanol,46.069,-0.0014,0.04871258909562189,0.16822429906542055,True,True
cosmetic_48,46,Propylene carbonate,102.08899999999998,0.5417000000000001,0.035666647595781184,0.16822429906542055,True,True
cosmetic_48,47,Asiaticoside,959.1330000000008,-1.0327999999999922,0.5295971579380597,0.16822429906542055,False,False
