MW,LogP,TPSA,HBD,HBA,RotB,NumRings,NumAromaticRings,FractionCSP3,MolarRefractivity,NumHeteroatoms,canon_smiles,logKp_cm_h,n_measurements,sources
252.731,2.4547,0.0,0,0,0,0,0,1.0,30.569,3,BrC(Br)Br,-0.67,1,HuskinDB
641.6999999999999,6.921600000000004,0.0,0,0,0,1,0,1.0,103.99200000000005,6,BrC1CCC(Br)C(Br)CCC(Br)C(Br)CCC1Br,-3.83,1,SkinPiX
171.037,2.5815,0.0,0,0,1,1,1,0.14285714285714285,39.07300000000002,1,BrCc1ccccc1,-1.78,1,SkinPiX
184.27899999999994,2.9320000000000013,26.3,0,2,7,0,0,0.7272727272727273,54.462000000000046,2,C=CC(=O)OCC(CC)CCCC,-1.67,1,SkinPiX
265.35299999999995,1.9890999999999999,50.72,2,4,9,1,1,0.4666666666666667,76.77450000000005,4,C=CCOc1ccccc1OCC(O)CNC(C)C,-2.81,1,HuskinDB
330.40500000000003,3.387600000000002,74.60000000000001,2,4,6,2,2,0.1111111111111111,89.46740000000003,5,C=CCc1cc(S(=O)(=O)c2ccc(O)c(CC=C)c2)ccc1O,-2.8,1,INRS_new
164.20399999999995,2.1292999999999997,29.46,1,2,3,1,1,0.2,48.55980000000003,2,C=CCc1ccc(O)c(OC)c1,-1.59,1,SkinPiX
161.41500000000002,1.9456,17.07,0,1,0,0,0,0.6666666666666666,30.971,4,CC(=O)C(Cl)(Cl)Cl,-1.62,1,HuskinDB
126.97,1.3791,17.07,0,1,1,0,0,0.6666666666666666,26.174999999999997,3,CC(=O)C(Cl)Cl,-1.36,1,HuskinDB
314.46900000000005,4.723500000000005,34.14,0,2,1,4,0,0.8095238095238095,90.88100000000006,2,CC(=O)C1CCC2C3CCC4=CC(=O)CCC4(C)C3CCC12C,-2.985,2,"HuskinDB,SkinPiX"
146.189,2.2888,17.07,0,1,2,1,1,0.1,46.157000000000025,1,CC(=O)C=Cc1ccccc1,-1.23,1,SkinPiX
223.27499999999998,3.2162000000000015,29.1,1,1,1,3,2,0.13333333333333333,68.98770000000003,2,CC(=O)Nc1ccc2c(c1)Cc1ccccc1-2,-1.14,1,SkinPiX
285.25600000000003,-2.1867999999999994,133.91000000000003,4,7,3,2,1,0.5454545454545454,65.81010000000002,9,CC(=O)Nc1ccn(C2OC(CO)C(O)C2O)c(=O)n1,-3.33,1,HuskinDB
494.53100000000023,2.9376000000000015,99.13000000000001,1,7,3,5,0,0.7307692307692307,118.42480000000005,9,CC(=O)OCC(=O)C12OC(C)(C)OC1CC1C3CC(F)C4=CC(=O)C=CC4(C)C3(F)C(O)CC12C,-2.77,1,HuskinDB
466.52700000000027,1.6926999999999996,120.89000000000001,1,9,6,4,0,0.7916666666666666,113.78680000000004,9,CC(=O)OCC12CC(OC(=O)CC(C)C)C(C)=CC1OC1C(O)C(OC(C)=O)C2(C)C12CO2,-4.22,1,SkinPiX
180.15899999999996,1.3101,63.60000000000001,1,3,2,1,1,0.1111111111111111,44.71030000000002,4,CC(=O)Oc1ccccc1C(=O)O,-2.14,1,HuskinDB
120.15099999999995,1.8892,17.07,0,1,1,1,1,0.125,36.44650000000001,1,CC(=O)c1ccccc1,-1.57,1,SkinPiX
244.265,3.6808000000000023,37.3,1,1,3,2,2,0.13333333333333333,67.88680000000002,3,CC(C(=O)O)c1ccc(-c2ccccc2)c(F)c1,-1.77,1,HuskinDB
255.27299999999997,2.9662000000000006,59.42,1,3,2,3,2,0.2,69.60980000000004,4,CC(C(=O)O)c1ccc2c(c1)Cc1cccnc1O2,-3.42,1,SkinPiX
254.285,3.1057000000000015,54.37,1,2,4,2,2,0.125,72.36730000000003,3,CC(C(=O)O)c1cccc(C(=O)c2ccccc2)c1,-3.105,2,"HuskinDB,SkinPiX"
406.4060000000001,0.9393000000000002,116.45000000000002,4,7,5,3,2,0.38095238095238093,100.11020000000003,8,CC(C(=O)OCC1OC(O)C(O)C(O)C1O)c1ccc(-c2ccccc2)c(F)c1,-3.15,1,HuskinDB
416.42600000000016,0.3642000000000001,133.52,4,8,6,3,2,0.36363636363636365,104.59070000000001,8,CC(C(=O)OCC1OC(O)C(O)C(O)C1O)c1cccc(C(=O)c2ccccc2)c1,-4.1,1,HuskinDB
292.766,3.729300000000002,44.120000000000005,0,3,4,2,2,0.3333333333333333,77.80600000000004,5,CC(C)(C)C(=O)C(Oc1ccc(Cl)cc1)n1ccnc1,-2.33,1,INRS_new
150.22099999999998,2.6897000000000015,20.23,1,1,0,1,1,0.4,46.80680000000004,1,CC(C)(C)c1ccccc1O,-1.12,1,HuskinDB
543.875,6.4737000000000045,40.46,2,2,2,2,2,0.2,99.14160000000001,6,CC(C)(c1cc(Br)c(O)c(Br)c1)c1cc(Br)c(O)c(Br)c1,-2.59,1,SkinPiX
228.291,3.423700000000002,40.46,2,2,2,2,2,0.2,68.34160000000003,2,CC(C)(c1ccc(O)cc1)c1ccc(O)cc1,-4.18,1,SkinPiX
154.253,2.6714000000000016,20.23,1,1,4,0,0,0.6,49.50780000000003,1,CC(C)=CCCC(C)=CCO,-1.21,1,SkinPiX
116.15999999999998,1.5072,37.3,1,1,3,0,0,0.8333333333333334,31.70779999999998,2,CC(C)CCC(=O)O,-2.69,1,SkinPiX
206.28499999999997,3.073200000000001,37.3,1,1,4,1,1,0.46153846153846156,61.03480000000004,2,CC(C)Cc1ccc(C(C)C(=O)O)cc1,-2.075,2,"HuskinDB,SkinPiX"
368.426,0.3316999999999994,116.45000000000002,4,7,6,2,1,0.631578947368421,93.25820000000004,7,CC(C)Cc1ccc(C(C)C(=O)OCC2OC(O)C(O)C(O)C2O)cc1,-3.19,1,HuskinDB
266.34099999999995,0.45210000000000006,84.57999999999998,3,4,8,1,1,0.5,73.98090000000003,5,CC(C)NCC(O)COc1ccc(CC(N)=O)cc1,-4.3,1,HuskinDB
259.34900000000005,2.5775000000000006,41.489999999999995,2,3,6,2,2,0.375,78.58850000000005,3,CC(C)NCC(O)COc1cccc2ccccc12,-3.54,1,HuskinDB
356.42300000000006,-0.9452999999999958,141.82999999999998,4,5,7,1,0,0.75,90.39360000000005,9,CC(N)C(=O)NC(C)C(=O)N1CCCC1C(=O)NC(C(=O)O)C(C)C,-3.82,1,SkinPiX
275.30800000000005,0.6269999999999998,108.21,4,3,5,2,2,0.2857142857142857,75.21860000000004,6,CC(N)C(=O)NC(Cc1c[nH]c2ccccc12)C(=O)O,-4.95,1,HuskinDB
346.46700000000016,2.6667000000000005,74.6,2,4,2,4,0,0.8095238095238095,93.68260000000005,4,CC12CCC(=O)C=C1CCC1C2C(O)CC2(C)C(C(=O)CO)CCC12,-3.76,1,HuskinDB
362.4660000000002,1.7815999999999996,94.83,3,5,2,4,0,0.8095238095238095,95.14240000000004,5,CC12CCC(=O)C=C1CCC1C2C(O)CC2(C)C1CCC2(O)C(=O)CO,-3.87,2,"HuskinDB,SkinPiX"
360.45000000000016,1.8456999999999997,91.67,2,5,3,4,0,0.7619047619047619,94.07260000000004,5,CC12CCC(=O)C=C1CCC1C2C(O)CC2(C=O)C(C(=O)CO)CCC12,-4.41,1,HuskinDB
288.43100000000004,3.8792000000000026,37.3,1,2,0,4,0,0.8421052631578947,82.71680000000005,2,CC12CCC(=O)C=C1CCC1C2CCC2(C)C(O)CCC12,-1.79,2,"HuskinDB,SkinPiX"
272.3879999999999,3.6092000000000026,40.46,2,2,0,4,1,0.6666666666666666,78.73060000000005,2,CC12CCC3c4ccc(O)cc4CCC3C1CCC2O,-2.48,1,HuskinDB
250.24999999999994,1.7209999999999999,83.83000000000001,2,4,1,2,0,0.38461538461538464,62.79160000000002,5,CC1=C2C(=COC(C)C2C)C(=O)C(C(=O)O)=C1O,-3.33,1,SkinPiX
164.20399999999998,1.6669,34.14,0,2,1,1,0,0.4,46.69200000000002,2,CC1=CC(=O)C(C(C)C)=CC1=O,-2.9,1,SkinPiX
280.291,1.3617599999999999,113.42999999999998,2,6,3,2,1,0.21428571428571427,77.18640000000002,7,CC1CC(=O)NN=C1c1ccc(NN=C(C#N)C#N)cc1,-2.92,1,HuskinDB
392.4670000000002,1.8957000000000002,94.83,3,5,2,4,0,0.7272727272727273,99.94440000000004,6,CC1CC2C3CCC4=CC(=O)C=CC4(C)C3(F)C(O)CC2(C)C1(O)C(=O)CO,-3.89,1,HuskinDB
318.3690000000001,3.5796000000000032,83.83,2,5,0,2,1,0.4444444444444444,86.39210000000003,5,CC1CCCC(=O)CCCC=Cc2cc(O)cc(O)c2C(=O)O1,-3.63,1,SkinPiX
403.81800000000015,2.5727000000000007,112.93000000000002,3,5,5,3,2,0.25,100.73430000000006,8,CC1Cc2c(Cl)cc(C(=O)NC(Cc3ccccc3)C(=O)O)c(O)c2C(=O)O1,-3.09,1,SkinPiX
164.20399999999998,2.4339000000000004,29.46,1,2,2,1,1,0.2,49.366800000000026,2,CC=Cc1ccc(O)c(OC)c1,-1.56,1,SkinPiX
386.56100000000015,4.214800000000004,32.78,0,4,8,3,2,0.5,112.52300000000007,5,CCC(=O)N(c1ccccc1)C1(COC)CCN(CCc2cccs2)CC1,-1.81,1,HuskinDB
336.47900000000004,4.136700000000004,23.550000000000004,0,2,6,3,2,0.4090909090909091,103.82700000000007,3,CCC(=O)N(c1ccccc1)C1CCN(CCc2ccccc2)CC1,-3.7249999999999996,2,"HuskinDB,SkinPiX"
418.53000000000026,2.7425000000000006,100.90000000000002,2,6,4,4,0,0.7916666666666666,109.30660000000005,6,CCC(=O)OCC(=O)C1(O)CCC2C3CCC4=CC(=O)CCC4(C)C3C(O)CC21C,-2.48,1,HuskinDB
184.195,0.15879999999999994,75.27000000000001,2,3,2,1,0,0.625,44.69640000000001,5,CCC1(CC)C(=O)NC(=O)NC1=O,-3.95,1,HuskinDB
226.27599999999998,1.1849999999999998,75.27000000000001,2,3,4,1,0,0.7272727272727273,58.47740000000003,5,CCC1(CCC(C)C)C(=O)NC(=O)NC1=O,-2.64,1,HuskinDB
232.23899999999995,0.7004,75.27000000000001,2,3,2,2,1,0.25,60.092400000000026,5,CCC1(c2ccccc2)C(=O)NC(=O)NC1=O,-3.34,1,HuskinDB
476.58500000000026,3.6368000000000027,100.90000000000002,2,6,6,4,0,0.7407407407407407,123.34260000000006,7,CCCCC(=O)OC1(C(=O)CO)C(C)CC2C3CCC4=CC(=O)C=CC4(C)C3(F)C(O)CC21C,-1.97,1,HuskinDB
212.249,0.9389999999999998,75.27000000000001,2,3,4,1,0,0.7,53.93040000000002,5,CCCCC1(CC)C(=O)NC(=O)NC1=O,-3.71,1,HuskinDB
341.3640000000001,-0.6263999999999996,133.91000000000003,4,7,7,2,1,0.6666666666666666,84.27810000000002,9,CCCCCC(=O)Nc1ccn(C2OC(CO)C(O)C2O)c(=O)n1,-2.18,1,HuskinDB
223.35999999999996,3.4513000000000016,29.1,1,1,8,0,0,0.6428571428571429,70.26970000000004,2,CCCCCC=CC=CC(=O)NCC(C)C,-3.96,1,SkinPiX
511.6640000000004,0.8521000000000056,162.14,4,6,14,1,0,0.8,135.71059999999997,11,CCCCCCC(N)C(=O)N(C)C(C)C(=O)NC(C)C(=O)N1CCCC1C(=O)NC(C(=O)O)C(C)C,-3.46,1,SkinPiX
539.7180000000002,1.6323000000000052,162.14,4,6,16,1,0,0.8148148148148148,144.94459999999992,11,CCCCCCCCC(N)C(=O)N(C)C(C)C(=O)NC(C)C(=O)N1CCCC1C(=O)NC(C(=O)O)C(C)C,-2.48,1,SkinPiX
567.7720000000003,2.412500000000006,162.14,4,6,18,1,0,0.8275862068965517,154.17859999999982,11,CCCCCCCCCCC(N)C(=O)N(C)C(C)C(=O)NC(C)C(=O)N1CCCC1C(=O)NC(C(=O)O)C(C)C,-2.54,1,SkinPiX
158.285,3.119400000000002,20.23,1,1,8,0,0,1.0,49.69580000000003,1,CCCCCCCCCCO,-1.14,1,HuskinDB
130.23100000000002,2.3392000000000013,20.23,1,1,6,0,0,1.0,40.461800000000004,1,CCCCCCCCO,-1.22,1,HuskinDB
102.17699999999999,1.559,20.23,1,1,4,0,0,1.0,31.22779999999998,1,CCCCCCO,-1.86,1,HuskinDB
88.14999999999999,1.1689,20.23,1,1,3,0,0,1.0,26.61079999999999,1,CCCCCO,-2.22,1,HuskinDB
74.12299999999999,0.7787999999999999,20.23,1,1,2,0,0,1.0,21.993799999999997,1,CCCCO,-2.46,1,HuskinDB
193.24599999999998,2.2257,52.32,1,3,4,1,1,0.36363636363636365,56.04490000000003,3,CCCCOC(=O)c1ccc(N)cc1,-1.14,1,SkinPiX
194.23,2.349100000000001,46.53,1,3,4,1,1,0.36363636363636365,53.297300000000035,3,CCCCOC(=O)c1ccc(O)cc1,-1.435,2,"HuskinDB,SkinPiX"
118.17599999999997,1.1414,29.46,1,2,4,0,0,1.0,32.54079999999998,2,CCCCOC(C)O,-2.61,1,HuskinDB
132.203,1.1839,29.46,1,2,5,0,0,1.0,37.407799999999995,2,CCCCOCC(C)O,-4.6,1,SkinPiX
118.17599999999999,0.7953999999999999,29.46,1,2,5,0,0,1.0,32.81279999999998,2,CCCCOCCO,-2.73,1,HuskinDB
162.22899999999998,0.812,38.69,1,3,8,0,0,1.0,43.63180000000001,3,CCCCOCCOCCO,-2.17,1,SkinPiX
150.22099999999998,2.734800000000001,20.23,1,1,3,1,1,0.4,46.71880000000004,1,CCCCc1ccc(O)cc1,-1.11,1,HuskinDB
60.096,0.3887,20.23,1,1,1,0,0,1.0,17.376800000000003,1,CCCO,-3.0,1,HuskinDB
179.21899999999997,1.8356,52.32,1,3,3,1,1,0.3,51.42790000000003,3,CCCOC(=O)c1ccc(N)cc1,-1.1,1,SkinPiX
180.20299999999997,1.9589999999999999,46.53,1,3,3,1,1,0.3,48.68030000000003,3,CCCOC(=O)c1ccc(O)cc1,-1.2,1,SkinPiX
152.19299999999998,2.181,29.46,1,2,3,1,1,0.3333333333333333,43.89280000000003,2,CCCOc1ccc(O)cc1,-1.82,1,HuskinDB
191.274,2.4770200000000004,20.310000000000002,0,1,3,1,1,0.4166666666666667,58.43050000000004,2,CCN(CC)C(=O)c1cccc(C)c1,-3.7,1,HuskinDB
234.343,2.5837400000000006,32.34,1,2,5,1,1,0.5,72.33370000000005,3,CCN(CC)CC(=O)Nc1c(C)cccc1C,-2.99,2,"HuskinDB,SkinPiX"
201.661,1.3885999999999998,62.730000000000004,2,5,4,1,1,0.5714285714285714,53.164400000000015,6,CCNc1nc(Cl)nc(NCC)n1,-2.32,1,SkinPiX
46.069,-0.0014000000000000123,20.23,1,1,0,0,0,1.0,12.759800000000002,1,CCO,-2.79,1,HuskinDB
247.33799999999994,2.2131,29.54,0,3,3,2,1,0.5333333333333333,71.48400000000005,3,CCOC(=O)C1(c2ccccc2)CCN(C)CC1,-2.43,1,HuskinDB
172.17999999999995,0.6688,52.60000000000001,0,4,4,0,0,0.5,42.40600000000002,4,CCOC(=O)C=CC(=O)OCC,-1.55,1,SkinPiX
330.3640000000001,2.1218000000000004,71.06,0,8,9,0,0,0.8,77.56500000000004,9,CCOC(=O)CC(SP(=S)(OC)OC)C(=O)OCC,-0.69,1,HuskinDB
165.19199999999998,1.4455,52.32,1,3,2,1,1,0.2222222222222222,46.81090000000002,3,CCOC(=O)c1ccc(N)cc1,-1.14,1,SkinPiX
166.176,1.5689,46.53,1,3,2,1,1,0.2222222222222222,44.06330000000003,3,CCOC(=O)c1ccc(O)cc1,-1.86,1,SkinPiX
222.23999999999995,2.04,52.60000000000001,0,4,4,1,1,0.3333333333333333,58.35500000000003,4,CCOC(=O)c1ccccc1C(=O)OCC,-1.69,1,SkinPiX
90.122,0.015200000000000047,29.46,1,2,3,0,0,1.0,23.578799999999994,2,CCOCCO,-4.23,1,HuskinDB
190.19799999999995,2.1917,39.44,0,3,2,2,2,0.18181818181818182,53.65300000000003,3,CCOc1ccc2ccc(=O)oc2c1,-0.71,1,SkinPiX
240.44400000000002,2.0608,6.48,0,4,0,0,0,0.6666666666666666,67.75200000000002,6,CN(C)C(=S)SSC(=S)N(C)C,-1.85,1,SkinPiX
318.8730000000001,4.894400000000004,6.48,0,3,4,3,2,0.29411764705882354,92.19400000000006,4,CN(C)CCCN1c2ccccc2Sc2ccc(Cl)cc21,-4.34,1,SkinPiX
291.438,4.877300000000004,3.24,0,1,4,2,2,0.3333333333333333,96.65300000000006,1,CN(CC=CC#CC(C)(C)C)Cc1cccc2ccccc12,-6.0,1,HuskinDB
454.44700000000023,0.2684000000000012,210.53999999999996,5,10,9,3,3,0.25,118.26160000000004,13,CN(Cc1cnc2nc(N)nc(N)c2n1)c1ccc(C(=O)NC(CCC(=O)O)C(=O)O)cc1,-3.28,1,HuskinDB
289.37500000000006,1.9308999999999996,49.769999999999996,1,4,4,3,1,0.5882352941176471,79.95580000000005,4,CN1C2CCC1CC(OC(=O)C(CO)c1ccccc1)C2,-4.12,1,HuskinDB
301.342,0.7451999999999999,70.0,2,5,0,5,1,0.5882352941176471,78.13060000000003,5,CN1CCC23c4c5ccc(O)c4OC2C(=O)CCC3(O)C1C5,-4.18,1,SkinPiX
285.34299999999996,1.6302999999999999,49.77,1,4,0,5,1,0.5882352941176471,76.67080000000004,4,CN1CCC23c4c5ccc(O)c4OC2C(=O)CCC3C1C5,-4.635,2,"HuskinDB,SkinPiX"
285.343,1.1981,52.93000000000001,2,4,0,5,1,0.5294117647058824,77.57660000000003,4,CN1CCC23c4c5ccc(O)c4OC2C(O)C=CC3C1C5,-4.455,2,"HuskinDB,SkinPiX"
287.359,1.4221,52.93000000000001,2,4,0,5,1,0.6470588235294118,77.67060000000004,4,CN1CCC23c4c5ccc(O)c4OC2C(O)CCC3C1C5,-4.17,1,SkinPiX
162.236,1.8483,16.130000000000003,0,2,1,2,1,0.5,48.842000000000034,2,CN1CCCC1c1cccnc1,-3.0,2,"HuskinDB,SkinPiX"
209.24499999999998,2.192,47.56,1,3,3,1,1,0.36363636363636365,57.28970000000004,4,CNC(=O)Oc1ccccc1OC(C)C,-2.34,1,HuskinDB
263.38399999999996,3.826400000000003,12.03,1,1,3,3,2,0.2631578947368421,85.91470000000005,1,CNCCC=C1c2ccccc2CCc2ccccc21,-3.64,1,HuskinDB
191.19000000000003,1.7411999999999996,67.00999999999999,2,3,1,2,2,0.1111111111111111,52.12140000000001,5,COC(=O)Nc1nc2ccccc2[nH]1,-2.47,1,SkinPiX
151.16500000000002,1.0554,52.32,1,3,1,1,1,0.125,42.19390000000001,3,COC(=O)c1ccc(N)cc1,-1.18,1,SkinPiX
152.149,1.1788,46.53,1,3,1,1,1,0.125,39.446300000000015,3,COC(=O)c1ccc(O)cc1,-1.785,2,"HuskinDB,SkinPiX"
194.18599999999995,1.2597999999999998,52.60000000000001,0,4,2,1,1,0.2,49.12100000000002,4,COC(=O)c1ccccc1C(=O)OC,-1.62,1,SkinPiX
152.14899999999997,1.1787999999999998,46.53,1,3,1,1,1,0.125,39.446300000000015,3,COC(=O)c1ccccc1O,-1.44,1,HuskinDB
137.138,0.8681999999999999,39.19,0,3,1,1,1,0.14285714285714285,35.5765,3,COC(=O)c1cccnc1,-2.41,1,HuskinDB
90.122,0.013600000000000112,29.46,1,2,2,0,0,1.0,23.556799999999992,2,COCC(C)O,-4.01,1,SkinPiX
267.36899999999997,1.6132,50.72,2,4,9,1,1,0.6,76.66250000000005,4,COCCc1ccc(OCC(O)CNC(C)C)cc1,-3.08,1,HuskinDB
220.976,2.6804000000000006,44.760000000000005,0,4,4,0,0,0.5,42.498500000000014,7,COP(=O)(OC)OC=C(Cl)Cl,-1.06,1,SkinPiX
110.13399999999999,-0.40759999999999996,43.370000000000005,0,3,1,0,0,1.0,21.85279999999999,4,COS(C)(=O)=O,-2.05,1,SkinPiX
152.14899999999997,1.2132999999999998,46.53,1,3,2,1,1,0.125,40.046300000000016,3,COc1cc(C=O)ccc1O,-2.15,1,SkinPiX
312.277,2.2764999999999995,74.97,0,6,1,5,2,0.29411764705882354,79.06950000000002,6,COc1cc2c(c3oc(=O)c4c(c13)CCC4=O)C1C=COC1O2,-3.68,1,SkinPiX
339.3910000000001,3.860000000000003,49.81,0,5,6,3,3,0.25,97.19900000000005,5,COc1ccc(Cc2nccc3cc(OC)c(OC)cc23)cc1OC,-3.05,1,SkinPiX
357.793,3.9273200000000026,68.53,1,3,4,3,3,0.15789473684210525,95.74730000000002,6,COc1ccc2c(c1)c(CC(=O)O)c(C)n2C(=O)c1ccc(Cl)cc1,-3.44,1,HuskinDB
315.3690000000001,1.0481999999999998,59.00000000000001,1,5,1,5,1,0.6111111111111112,83.01780000000004,5,COc1ccc2c3c1OC1C(=O)CCC4(O)C(C2)N(C)CCC314,-3.03,1,SkinPiX
299.37000000000006,1.9333,38.77,0,4,1,5,1,0.6111111111111112,81.55800000000004,4,COc1ccc2c3c1OC1C(=O)CCC4C(C2)N(C)CCC314,-2.89,1,SkinPiX
299.3700000000001,1.5010999999999999,41.93,1,4,1,5,1,0.5555555555555556,82.46380000000003,4,COc1ccc2c3c1OC1C(O)C=CC4C(C2)N(C)CCC341,-3.76,2,"HuskinDB,SkinPiX"
301.3860000000001,1.7251,41.93,1,4,1,5,1,0.6666666666666666,82.55780000000004,4,COc1ccc2c3c1OC1C(O)CCC4C(C2)N(C)CCC341,-2.63,1,SkinPiX
230.26299999999998,3.036500000000001,46.53,1,2,3,2,2,0.21428571428571427,66.55080000000004,3,COc1ccc2cc(C(C)C(=O)O)ccc2c1,-3.1,1,HuskinDB
392.404,0.2949999999999995,125.68000000000002,4,8,5,3,2,0.45,98.77420000000004,8,COc1ccc2cc(C(C)C(=O)OCC3OC(O)C(O)C(O)C3O)ccc2c1,-4.24,1,HuskinDB
336.4150000000001,5.166100000000005,54.18000000000001,1,4,4,3,3,0.2,102.34880000000004,5,COc1ccccc1N=Nc1c(O)ccc2ccc([N+](C)(C)C)cc12,-2.91,1,SkinPiX
231.29900000000004,1.55042,30.17,0,2,2,2,2,0.3076923076923077,70.07400000000003,4,Cc1c(N(C)C)c(=O)n(-c2ccccc2)n1C,-2.93,1,SkinPiX
142.58499999999998,2.3540200000000002,20.23,1,1,0,1,1,0.14285714285714285,37.853800000000014,2,Cc1c(O)cccc1Cl,-1.44,1,HuskinDB
122.171,1.1594200000000001,52.04,2,2,0,1,1,0.14285714285714285,40.0038,2,Cc1cc(N)ccc1N,-2.53,1,SkinPiX
117.151,1.8667,23.79,0,1,0,1,1,0.125,35.894000000000005,1,Cc1ccc(C#N)cc1,-1.57,1,SkinPiX
150.221,2.824020000000001,20.23,1,1,1,1,1,0.4,46.93280000000003,1,Cc1ccc(C(C)C)c(O)c1,-1.21,1,HuskinDB
150.221,2.8240200000000013,20.23,1,1,1,1,1,0.4,46.93280000000003,1,Cc1ccc(C(C)C)cc1O,-1.25,1,HuskinDB
156.61200000000002,2.662440000000001,20.23,1,1,0,1,1,0.25,42.59080000000002,2,Cc1ccc(Cl)c(O)c1C,-1.09,1,HuskinDB
160.172,2.10142,30.21,0,2,0,2,2,0.1,47.22100000000001,2,Cc1ccc2oc(=O)ccc2c1,-1.31,1,SkinPiX
208.28,2.2986000000000004,0.0,0,0,0,0,0,1.0,27.494999999999997,3,ClC(Br)Br,-0.69,1,HuskinDB
163.829,2.1425,0.0,0,0,0,0,0,1.0,24.420999999999996,3,ClC(Cl)Br,-0.74,1,HuskinDB
119.37800000000001,1.9864,0.0,0,0,0,0,0,1.0,21.346999999999998,3,ClC(Cl)Cl,-0.79,1,HuskinDB
416.1350000000001,6.454800000000002,27.05,0,2,6,3,3,0.16666666666666666,102.68100000000003,7,Clc1ccc(COC(Cn2ccnc2)c2ccc(Cl)cc2Cl)c(Cl)c1,-0.3,1,SkinPiX
230.09799999999998,2.3644999999999996,36.42,2,3,1,2,1,0.2222222222222222,60.38940000000001,5,Clc1cccc(Cl)c1NC1=NCCN1,-4.56,1,SkinPiX
344.845,5.376700000000004,17.82,0,1,4,4,4,0.045454545454545456,101.84300000000002,3,Clc1ccccc1C(c1ccccc1)(c1ccccc1)n1ccnc1,-5.7,1,HuskinDB
180.16699999999997,-1.0397000000000005,72.68,1,3,0,2,2,0.2857142857142857,46.57570000000001,6,Cn1c(=O)c2[nH]cnc2n(C)c1=O,-4.04,2,"HuskinDB,SkinPiX"
194.194,-1.0293,61.82,0,3,0,2,2,0.375,51.19600000000001,6,Cn1c(=O)c2c(ncn2C)n(C)c1=O,-3.43,2,"HuskinDB,SkinPiX"
198.22899999999998,1.7037,56.730000000000004,1,3,0,3,3,0.09090909090909091,60.42740000000002,4,Cn1c(N)nc2c3cccnc3ccc21,-2.45,1,SkinPiX
198.845,1.62588,23.79,0,1,0,0,0,0.5,27.255,3,N#CC(Br)Br,-0.77,1,HuskinDB
144.388,1.88018,23.79,0,1,0,0,0,0.5,25.903,4,N#CC(Cl)(Cl)Cl,-1.04,1,HuskinDB
154.394,1.4697799999999999,23.79,0,1,0,0,0,0.5,24.180999999999997,3,N#CC(Cl)Br,-0.79,1,HuskinDB
109.94300000000001,1.31368,23.79,0,1,0,0,0,0.5,21.106999999999996,3,N#CC(Cl)Cl,-0.82,1,HuskinDB
75.49799999999999,0.74878,23.79,0,1,0,0,0,0.5,16.333,2,N#CCCl,-1.0,1,HuskinDB
119.12299999999996,1.26388,44.019999999999996,1,2,0,1,1,0.0,32.821799999999996,2,N#Cc1ccc(O)cc1,-2.17,1,HuskinDB
122.12699999999997,0.18050000000000016,55.980000000000004,1,2,1,1,1,0.0,32.7549,3,NC(=O)c1cccnc1,-4.2,1,SkinPiX
133.10299999999998,-1.127,100.62000000000002,3,3,3,0,0,0.5,27.863999999999997,5,NC(CC(=O)O)C(=O)O,-3.95,1,HuskinDB
155.15699999999998,-0.6359000000000001,92.00000000000001,3,3,3,1,1,0.3333333333333333,37.9029,5,NC(Cc1c[nH]cn1)C(=O)O,-4.34,1,HuskinDB
60.056,-0.9762000000000002,69.11,2,1,0,0,0,0.0,13.7708,3,NC(N)=O,-3.76,1,HuskinDB
131.131,-0.6210000000000004,80.39,2,3,4,0,0,0.6,30.931199999999993,4,NCC(=O)CCC(=O)O,-4.15,1,HuskinDB
146.19,-0.4726999999999995,89.34,3,3,5,0,0,0.8333333333333334,38.5166,4,NCCCCC(N)C(=O)O,-3.54,1,HuskinDB
61.083999999999996,-1.0626000000000002,46.25,2,2,1,0,0,1.0,16.140200000000004,2,NCCO,-3.58,1,SkinPiX
154.125,0.8825999999999998,89.39,2,4,1,1,1,0.0,39.173600000000015,5,Nc1cc([N+](=O)[O-])ccc1O,-3.18,1,HuskinDB
198.269,2.4418000000000006,52.04,2,2,2,2,2,0.07692307692307693,64.51480000000002,2,Nc1ccc(Cc2ccc(N)cc2)cc1,-2.66,1,HuskinDB
142.58900000000003,1.5044,52.04,2,2,0,1,1,0.0,40.2768,3,Nc1ccc(Cl)c(N)c1,-2.67,1,HuskinDB
127.574,1.9222,26.02,1,1,0,1,1,0.0,35.86440000000002,2,Nc1ccc(Cl)cc1,-1.44,1,SkinPiX
153.14100000000002,0.7592000000000001,95.18,2,4,1,1,1,0.0,41.9212,5,Nc1ccc(N)c([N+](=O)[O-])c1,-2.745,2,"HuskinDB,SkinPiX"
108.144,0.8510000000000002,52.04,2,2,0,1,1,0.0,35.2668,2,Nc1ccc(N)cc1,-3.2,2,"HuskinDB,SkinPiX"
197.19400000000002,0.5811999999999999,101.42,3,5,4,1,1,0.25,53.08430000000001,6,Nc1ccc(NCCO)c([N+](=O)[O-])c1,-2.42,1,SkinPiX
154.125,0.8825999999999998,89.39,2,4,1,1,1,0.0,39.17360000000001,5,Nc1ccc(O)c([N+](=O)[O-])c1,-2.55,1,HuskinDB
109.12799999999999,0.9743999999999999,46.25,2,2,0,1,1,0.0,32.5192,2,Nc1ccc(O)cc1,-1.53,1,SkinPiX
154.125,0.8825999999999998,89.39,2,4,1,1,1,0.0,39.17360000000001,5,Nc1ccc(O)cc1[N+](=O)[O-],-2.2,1,SkinPiX
153.141,0.7592000000000001,95.17999999999999,2,4,1,1,1,0.0,41.9212,5,Nc1ccc([N+](=O)[O-])cc1N,-2.14,1,SkinPiX
108.144,0.851,52.04,2,2,0,1,1,0.0,35.2668,2,Nc1ccccc1N,-3.34,1,HuskinDB
243.21900000000002,-2.563,130.82999999999998,4,7,2,2,1,0.5555555555555556,55.91880000000002,8,Nc1ccn(C2OC(CO)C(O)C2O)c(=O)n1,-5.3,1,HuskinDB
225.20799999999997,-1.3318000000000003,119.05000000000001,3,6,4,2,2,0.375,55.59890000000001,8,Nc1nc(=O)c2ncn(COCCO)c2[nH]1,-3.87,1,HuskinDB
18.015,-0.8247,31.5,0,0,0,0,0,0.0,3.6138,1,O,-2.99,1,HuskinDB
217.844,1.1869,37.3,1,1,1,0,0,0.5,29.277799999999996,4,O=C(O)C(Br)Br,-2.58,1,HuskinDB
163.387,1.4412,37.3,1,1,0,0,0,0.5,27.925800000000002,5,O=C(O)C(Cl)(Cl)Cl,-2.72,1,HuskinDB
173.393,1.0308,37.3,1,1,1,0,0,0.5,26.203799999999998,4,O=C(O)C(Cl)Br,-2.79,1,HuskinDB
128.942,0.8747,37.3,1,1,1,0,0,0.5,23.1298,4,O=C(O)C(Cl)Cl,-2.72,1,HuskinDB
414.06399999999996,4.4451,37.3,1,1,6,0,0,0.875,43.3728,17,O=C(O)C(F)(F)C(F)(F)C(F)(F)C(F)(F)C(F)(F)C(F)(F)C(F)(F)F,-4.24,1,SkinPiX
148.161,1.7844,37.3,1,1,2,1,1,0.0,43.11180000000002,2,O=C(O)C=Cc1ccccc1,-2.4,1,SkinPiX
138.948,0.46590000000000004,37.3,1,1,1,0,0,0.5,21.429799999999997,3,O=C(O)CBr,-2.85,1,HuskinDB
122.55100000000002,1.09,37.3,1,1,3,0,0,0.75,27.58979999999999,3,O=C(O)CCCCl,-1.96,1,SkinPiX
94.49700000000001,0.3098,37.3,1,1,1,0,0,0.5,18.3558,3,O=C(O)CCl,-2.95,1,HuskinDB
622.5390000000003,1.6082,231.66999999999996,6,11,12,5,3,0.23333333333333334,149.1242999999999,15,O=C(O)CN(CC(=O)O)Cc1cc2c(cc1O)Oc1cc(O)c(CN(CC(=O)O)CC(=O)O)cc1C21OC(=O)c2ccccc21,-4.49,1,SkinPiX
169.073,-1.2042000000000002,106.86000000000001,4,3,4,0,0,0.6666666666666666,32.54959999999999,7,O=C(O)CNCP(=O)(O)O,-3.33,1,HuskinDB
92.119,0.0008000000000000229,37.3,2,2,1,0,0,0.5,21.488799999999998,3,O=C(O)CS,-1.66,1,SkinPiX
296.153,4.364100000000001,49.33,2,2,4,2,2,0.07142857142857142,77.52650000000003,5,O=C(O)Cc1ccccc1Nc1c(Cl)cccc1Cl,-3.0,1,HuskinDB
122.12299999999996,1.3848,37.3,1,1,1,1,1,0.0,33.4013,2,O=C(O)c1ccccc1,-1.76,2,"HuskinDB,SkinPiX"
281.23299999999995,4.1472000000000016,49.33,2,2,3,2,2,0.07142857142857142,68.12800000000001,6,O=C(O)c1ccccc1Nc1cccc(C(F)(F)F)c1,-2.59,1,HuskinDB
138.12199999999999,1.0903999999999998,57.53,2,2,1,1,1,0.0,35.066100000000006,3,O=C(O)c1ccccc1O,-2.2,1,HuskinDB
182.222,2.917600000000001,17.07,0,1,2,2,2,0.0,56.316500000000026,1,O=C(c1ccccc1)c1ccccc1,0.12,1,SkinPiX
198.01899999999998,2.4164000000000003,29.43,0,2,1,1,1,0.0,41.92350000000001,3,O=C=Nc1ccc(Br)cc1,-1.9,1,SkinPiX
132.16199999999998,1.8987,17.07,0,1,2,1,1,0.0,41.54000000000002,1,O=CC=Cc1ccccc1,-1.46,1,SkinPiX
134.13500000000002,-1.0455999999999999,73.13000000000001,2,4,5,0,0,1.0,31.539599999999986,5,O=NN(CCO)CCO,-2.38,1,HuskinDB
261.089,1.884,41.57000000000001,1,2,5,1,0,1.0,59.19120000000003,7,O=P1(N(CCCl)CCCl)NCCCO1,-2.68,1,SkinPiX
250.275,1.9305999999999996,74.60000000000001,2,4,2,2,2,0.0,61.665400000000034,5,O=S(=O)(c1ccc(O)cc1)c1ccc(O)cc1,-5.59,1,SkinPiX
191.13899999999998,-1.2782000000000002,91.06000000000002,1,6,2,2,0,1.0,37.354200000000006,7,O=[N+]([O-])OC1COC2C(O)COC12,-3.4,1,SkinPiX
236.13599999999997,-1.0621999999999998,123.20000000000003,0,8,4,2,0,1.0,43.21480000000002,10,O=[N+]([O-])OC1COC2C(O[N+](=O)[O-])COC12,-1.95,1,SkinPiX
202.55299999999997,2.1564000000000005,86.28,0,4,2,1,1,0.0,44.76080000000001,7,O=[N+]([O-])c1ccc(Cl)c([N+](=O)[O-])c1,-1.52,1,SkinPiX
123.11099999999996,1.5948,43.14,0,2,1,1,1,0.0,33.0964,3,O=[N+]([O-])c1ccccc1,-1.27,1,SkinPiX
130.078,-0.7977000000000001,65.72,2,2,0,1,1,0.0,27.641399999999994,5,O=c1[nH]cc(F)c(=O)[nH]1,-4.1,1,HuskinDB
61.83300000000001,-2.0518,60.69,3,3,0,0,0,0.0,12.4104,4,OB(O)O,-3.64,1,HuskinDB
157.25699999999998,-2.9792000000000005,86.61000000000001,2,7,0,2,0,0.0,32.8786,11,OB1OB2OB(O)OB(O1)O2,-3.77,1,HuskinDB
165.403,0.6672999999999998,40.46,2,2,0,0,0,1.0,28.515599999999996,5,OC(O)C(Cl)(Cl)Cl,-2.4,1,HuskinDB
182.172,-3.5854000000000004,121.38000000000001,6,6,5,0,0,1.0,38.198800000000006,6,OCC(O)C(O)C(O)C(O)CO,-4.36,1,HuskinDB
342.297,-5.395599999999993,189.52999999999997,8,11,5,2,0,1.0,68.64140000000003,11,OCC1OC(OC2(CO)OC(CO)C(O)C2O)C(O)C(O)C1O,-5.28,1,HuskinDB
504.43800000000005,-7.571399999999989,268.67999999999995,11,16,8,3,0,1.0,101.27480000000001,16,OCC1OC(OCC2OC(OC3(CO)OC(CO)C(O)C3O)C(O)C(O)C2O)C(O)C(O)C1O,-4.65,1,HuskinDB
134.178,1.6921,20.23,1,1,2,1,1,0.1111111111111111,42.56180000000003,1,OCC=Cc1ccccc1,-1.47,1,SkinPiX
138.16599999999997,1.0576999999999999,29.46,1,2,3,1,1,0.25,39.02280000000002,2,OCCOc1ccccc1,-2.87,1,HuskinDB
289.54499999999996,5.144700000000002,29.46,1,2,2,2,2,0.0,69.65280000000003,5,Oc1cc(Cl)ccc1Oc1ccc(Cl)cc1Cl,-2.365,2,"HuskinDB,SkinPiX"
126.11099999999996,0.8033999999999999,60.69,3,3,0,1,1,0.0,31.436399999999995,3,Oc1cc(O)cc(O)c1,-2.51,1,HuskinDB
336.23099999999994,4.5085000000000015,40.46,2,2,2,2,2,0.2,69.10360000000001,8,Oc1ccc(C(c2ccc(O)cc2)(C(F)(F)F)C(F)(F)F)cc1,-2.72,1,INRS_new
126.11099999999998,0.8033999999999999,60.69,3,3,0,1,1,0.0,31.436399999999995,3,Oc1ccc(O)c(O)c1,-3.9,1,HuskinDB
110.11199999999998,1.0977999999999999,40.46,2,2,0,1,1,0.0,29.771599999999996,2,Oc1ccc(O)cc1,-2.95,1,HuskinDB
144.17299999999997,2.5454,20.23,1,1,0,2,2,0.0,45.61280000000002,1,Oc1ccc2ccccc2c1,-1.2,1,HuskinDB
110.11199999999998,1.0977999999999999,40.46,2,2,0,1,1,0.0,29.771599999999992,2,Oc1cccc(O)c1,-2.695,2,"HuskinDB,SkinPiX"
126.11099999999998,0.8033999999999997,60.69,3,3,0,1,1,0.0,31.436399999999992,3,Oc1cccc(O)c1O,-2.81,1,HuskinDB
144.17299999999997,2.5454000000000008,20.23,1,1,0,2,2,0.0,45.61280000000003,1,Oc1cccc2ccccc12,-1.58,1,HuskinDB
94.11299999999999,1.3921999999999999,20.23,1,1,0,1,1,0.0,28.106799999999993,1,Oc1ccccc1,-2.03,1,HuskinDB
110.11199999999998,1.0977999999999999,40.46,2,2,0,1,1,0.0,29.771599999999992,2,Oc1ccccc1O,-2.51,1,HuskinDB
22.031098556,-0.8247,31.5,0,0,0,0,0,0.0,3.6138,1,[3H]O[3H],-2.88,1,SkinPiX
128.17399999999995,2.839800000000001,0.0,0,0,0,2,2,0.0,43.94800000000003,0,c1ccc2ccccc2c1,-1.92,1,SkinPiX
78.11399999999999,1.6866,0.0,0,0,0,1,1,0.0,26.441999999999993,0,c1ccccc1,-0.53,2,"HuskinDB,SkinPiX"
