strategy,n_train,r2_mean,r2_std,rmse_mean,rmse_std
Random,12,0.5907543984885907,0.11969420651021881,0.721914458873776,0.10895265895832333
Random,15,0.670628817045815,0.11137030607944678,0.645630052409483,0.10708425741763376
Random,18,0.6970221167371746,0.1285322230467468,0.6157424604749651,0.12958457015083547
Random,21,0.7168297769407778,0.13899706105945953,0.5936815001681179,0.14543943693695358
Random,24,0.7526309848231116,0.13548581345950328,0.5537075016197989,0.15926974273125732
Random,27,0.7773312875575217,0.1383051380267313,0.5205633050295181,0.1695414999034842
Random,30,0.8076258493113382,0.11525182006778797,0.48624128244603826,0.14682947743689592
Random,33,0.8599971026592593,0.05815813939533976,0.4194187736235658,0.09231293405794233
Random,36,0.8832080715474196,0.04349413030692751,0.38311214190456955,0.06988342174878995
Random,39,0.9135157733062085,0.03222496068295675,0.3302977433772495,0.05823204783356787
Random,42,0.9156241079109376,0.029721151705473448,0.32729024857850614,0.05461580819447809
Random,45,0.923762414409475,0.03106426592021199,0.31023403233043,0.05906475004040738
Random,48,0.9293326322695045,0.02233288126534923,0.29998328713947664,0.04425315831205157
Random,51,0.9319773468948727,0.020023055192669153,0.2945634736213101,0.03974618445713236
Random,54,0.9355279445055134,0.020469969945453834,0.28630731572107243,0.0422357198926915
Random,57,0.9383415557158843,0.01998873868213073,0.2802151501287247,0.04422371008278977
Random,60,0.942465533472624,0.016031854577465022,0.27193119606314553,0.03754657142997171
Random,63,0.9470472267835376,0.015520643585981885,0.2604857849408385,0.036701077124807475
Random,66,0.9499719643091964,0.018108744107654017,0.2508972471313061,0.04400517725172086
Random,69,0.9577965800879842,0.017472966326755896,0.2285943248957624,0.04254255853464699
Random,72,0.9646151424354212,0.013825948334468933,0.21061824462777312,0.03532016306717785
Random,75,0.9637761032224134,0.014039248025317266,0.2132100466771581,0.03690580960251361
Random,78,0.964941182665681,0.014499548204840024,0.20939095592911924,0.03974037655339255
Random,81,0.9659893881996606,0.015019279206899473,0.205465155081657,0.041859966379452836
Random,84,0.9658901418411728,0.01390989535287531,0.20669928240624058,0.03654235925960657
Random,87,0.9661750390102917,0.013625409972397903,0.2058564379739094,0.035836180200778896
Random,90,0.9678859119547546,0.012082778675479983,0.201111825846851,0.03253552276155996
Random,93,0.9680846787051027,0.013990430854623032,0.19935189146174398,0.03790851385397834
Random,96,0.9718046276997772,0.01206319793166788,0.18847039990654635,0.03510818253510776
Random,99,0.972486257990823,0.01011508739952131,0.18684500647950691,0.029102716503326045
Random,102,0.9729043620794771,0.010417964236989633,0.18517459860326674,0.030220253842190604
Random,105,0.9740748036113114,0.010549928338924843,0.18081713826657772,0.031794423545100495
Random,108,0.9757797388095574,0.010469195377299493,0.17461168071843186,0.033002008001374435
Random,111,0.9764155022013506,0.010597344957194112,0.1719780107230793,0.034699603493039584
Random,114,0.9767189470602101,0.010393442906548702,0.17077517327997413,0.03502137733595707
Random,117,0.9772220887203318,0.010692749061222933,0.1686976053576086,0.03637621596355482
GP-Uncertainty,12,0.5907543984885907,0.11969420651021881,0.721914458873776,0.10895265895832333
GP-Uncertainty,15,0.7128317260817814,0.0766106788524197,0.6076976079586167,0.08323607531198285
GP-Uncertainty,18,0.7744600942506142,0.04960610929293107,0.5394026267892739,0.05212114403498707
GP-Uncertainty,21,0.7714886737854669,0.0794523710541901,0.5366702623527229,0.08640435974686467
GP-Uncertainty,24,0.8285115245391484,0.0635140069871584,0.4636084567233822,0.08301422914998816
GP-Uncertainty,27,0.8626479411701465,0.04715476949135163,0.4169654186201292,0.0656607909573333
GP-Uncertainty,30,0.8771335651695923,0.04790986025407104,0.39246204653306443,0.06967417371671707
GP-Uncertainty,33,0.891830643632645,0.04405615769740868,0.36734785826975147,0.06971381938795995
GP-Uncertainty,36,0.8994791748113029,0.042787750566282486,0.35402530337413773,0.07166926130659754
GP-Uncertainty,39,0.9150213458918934,0.027694417210329017,0.32885080520959403,0.04936635138052563
GP-Uncertainty,42,0.9239837983712423,0.02266899291842649,0.3113419339229111,0.04055624293180204
GP-Uncertainty,45,0.9255085871551689,0.02300713894360808,0.3082922484145912,0.04341483222025891
GP-Uncertainty,48,0.92544632813874,0.02582997880875334,0.3070175444956575,0.0509930491903657
GP-Uncertainty,51,0.9255581971069968,0.03891715580055758,0.30171662588214965,0.07327516492089056
GP-Uncertainty,54,0.927244517785048,0.0387682539530291,0.2981128578575026,0.07299411711625156
GP-Uncertainty,57,0.9367094005034652,0.03579930612586472,0.2782458908481836,0.0680218203200314
GP-Uncertainty,60,0.9370404602935333,0.037021926962623394,0.27759434869527455,0.0689010962812485
GP-Uncertainty,63,0.9385697148127019,0.035978206556994075,0.27443105625844705,0.06731896954817453
GP-Uncertainty,66,0.9411740113886236,0.03279958494283656,0.26910713421264576,0.06555399585303386
GP-Uncertainty,69,0.9414376285530711,0.03296920782763743,0.2683464069262377,0.06592934922764475
GP-Uncertainty,72,0.9419226078576542,0.035422989532941235,0.26592910883259824,0.06933043180589898
GP-Uncertainty,75,0.942626854137073,0.03634901945744679,0.26328281983624147,0.07253717098867489
GP-Uncertainty,78,0.9480358489966555,0.034074922962154156,0.2490585622094268,0.07169540748674923
GP-Uncertainty,81,0.9498629423868955,0.03372048199464032,0.2443801279739707,0.07315170340835338
GP-Uncertainty,84,0.9577355307746735,0.03322738955432769,0.22343684191595736,0.06886400286438225
GP-Uncertainty,87,0.964982059719867,0.012726850382748291,0.2108358170525509,0.03384659746946202
GP-Uncertainty,90,0.9655860692742111,0.01543787522647388,0.20719213303445244,0.040635885442138565
GP-Uncertainty,93,0.9678304176736405,0.013282715200167354,0.20077989532163915,0.03592682644720176
GP-Uncertainty,96,0.970486904949057,0.011569479200766062,0.1928430961682065,0.03390567996974949
GP-Uncertainty,99,0.9701241795437527,0.01378371163244353,0.19273219911095132,0.0398912706666038
GP-Uncertainty,102,0.9704062601573487,0.014178299643573568,0.19130397521357217,0.04126678770532377
GP-Uncertainty,105,0.9737259549779924,0.009109792791567454,0.1822107637497578,0.029566997329793086
GP-Uncertainty,108,0.9752583440780846,0.00740869784443188,0.17730140158328656,0.02564392563877963
GP-Uncertainty,111,0.9777733075468131,0.007169057550876585,0.16759961863894687,0.02510412490565385
GP-Uncertainty,114,0.9781196332924132,0.006674612027565072,0.1665191675698101,0.023380537758193532
GP-Uncertainty,117,0.9786419018063199,0.006859286031860015,0.16416575874243447,0.024745190822860808
RF-QBC,12,0.5907543984885907,0.11969420651021881,0.721914458873776,0.10895265895832333
RF-QBC,15,0.5861908357211029,0.13596941818042088,0.7243157821000439,0.11882135042660955
RF-QBC,18,0.5965158488583706,0.22322184995242716,0.7016108248888833,0.1682171599224376
RF-QBC,21,0.5734409872654052,0.21317006269988478,0.722982385724545,0.17229831721194153
RF-QBC,24,0.6567087107676635,0.12683000032885444,0.6568490388856718,0.12287678489436053
RF-QBC,27,0.662754257519248,0.14069531092772608,0.647482005586643,0.13738280389218221
RF-QBC,30,0.752178833546452,0.11241409188455394,0.5543162913678064,0.11127756914000432
RF-QBC,33,0.7663453641584088,0.11534813571062354,0.5360430093566289,0.11936276863647768
RF-QBC,36,0.8163194059285382,0.06111962336718442,0.48292188959067267,0.06639570309476525
RF-QBC,39,0.8145401685731996,0.056464779612670137,0.4860500240861194,0.06350666329004717
RF-QBC,42,0.8411894881038784,0.03789030363911775,0.45182914362078447,0.04692139059964696
RF-QBC,45,0.8523161976774153,0.05047208558767593,0.4319553627580084,0.06771150309560378
RF-QBC,48,0.8589717393076324,0.052751626353043424,0.42082320634149833,0.07293777027609406
RF-QBC,51,0.8888617196861727,0.0340533669876943,0.37689781836704606,0.057648715252661346
RF-QBC,54,0.894299193899298,0.03770205948024552,0.36616829701611675,0.06472404205949711
RF-QBC,57,0.9001265959834349,0.04104766411479124,0.35456813135496745,0.0697889325718474
RF-QBC,60,0.9055767306367235,0.041685664511264674,0.34349018595558223,0.07379572562711827
RF-QBC,63,0.9129310995049014,0.030620307689619625,0.33233780394826684,0.05696890419014605
RF-QBC,66,0.9180197268767192,0.03872368974341088,0.3183820313534367,0.07398426203023972
RF-QBC,69,0.9360881099872069,0.025368210045727157,0.2825641999778957,0.04709989925216867
RF-QBC,72,0.938762983693505,0.025685938323256614,0.2760856650261321,0.04840817156041949
RF-QBC,75,0.9400251132848563,0.027316301687598497,0.272154687533018,0.05039332807605375
RF-QBC,78,0.9419963976806189,0.03105393704892672,0.2655287357881324,0.058028099003215136
RF-QBC,81,0.9493018544448933,0.019135881432120735,0.25193700279392084,0.042412062802137454
RF-QBC,84,0.9525077714061407,0.017768920986320793,0.24426193165911503,0.040340184615432144
RF-QBC,87,0.9548243063446324,0.018405050130549855,0.2372751848199602,0.043186587933190225
RF-QBC,90,0.9578186364874537,0.020506378661464788,0.22815126099389776,0.04935980355759544
RF-QBC,93,0.9578565133569257,0.020773723401523007,0.22772501678664742,0.050604126617997555
RF-QBC,96,0.9679546226246354,0.01223881196521234,0.20114195861850379,0.03721833068814087
RF-QBC,99,0.9679491386853153,0.01298318121109201,0.20101195191244486,0.04081622799861169
RF-QBC,102,0.9708606917274242,0.010182352797615158,0.1923705722331009,0.031837190945468906
RF-QBC,105,0.9722209197898476,0.009855378974707911,0.18789060240513192,0.03011157857999715
RF-QBC,108,0.9757591434782796,0.0076855979914908995,0.1759700170764384,0.025940825505749915
RF-QBC,111,0.978567050103105,0.004697187246366504,0.16662981395677512,0.020002766790768012
RF-QBC,114,0.9783252292622528,0.005480013427339037,0.16730795060708264,0.02274774489137083
RF-QBC,117,0.9796399598173242,0.005183787331418376,0.16203649575246065,0.021056601803213382
